text,actual,predicted
stop ur bs promos of anywhere starting at i click and everywhere i'd fly the only place thats is cle nothanks,negative,negative
i've been trying for days and i don't get hung up on until after i get through all the prompts what am i to do,negative,negative
yes but not with much help from you guys,negative,negative
thanks for the shout out candace enjoy the ride always i adore american airlines,positive,positive
workin on it waiting on him to reply,neutral,negative
i just spent hours and got nowhere entire experience epicfail,negative,negative
i went from sacramento to minneapolis at the end of october in business class,neutral,neutral
you always surprise me with the awfulness of your airline you guys suck worst,negative,negative
is there a link to a site that displays any delays or cancelled flightations of flights to and from,neutral,neutral
flight is delayed hours no reason given sure love flying with your airline whatajoke,negative,negative
forget wedding fairs how about discounts for nonprofits we donate part of our worth every single day,neutral,negative
what is going on with customer service is there anyway to speak to a human asap thank you,negative,negative
i been sitting on this plane for minutes and they are saying another minutes something about paper work this sucks,negative,negative
i'm not this person but i've been sitting in denver for three hours and all i want to do is get on a plane please let me go home,negative,negative
landed at pm and have been standing waiting for bags that were loaded plane side why isn't the crew heretiredcustomer,negative,negative
roger wilco,negative,neutral
any solutions,negative,neutral
julie andrews first but lady gaga wow'd me last night carrie meh,neutral,positive
great trip on yesterday outstanding flight attendants,positive,positive
i took a screenshot and emailed it to myself let's dm and figure this out,neutral,neutral
really missed a prime opportunity for men without hats parody there,neutral,negative
you know your updates every hours telling me you don't know where my bags are is also equally irritating coltsmissingbags,negative,negative
your wifi is shit fix that up before i jump out of the closest bloody fucking emergency exit,negative,negative
now on hold with customer care wonder if someone will pick up the phone before pm,negative,negative
understood and thanks i should have tried reaching out sooner,positive,positive
this is unbelievable and unacceptable flight jfk everyone at the gate is upset as most of us have been here all day,negative,negative
i love jetblue flyfi when will we be able to charge our devices on domestic a flights thanks,positive,positive
thank you for the follow,positive,positive
our fleet's on fleek yasss jetblue tell them,positive,neutral
oh great after a hour delay we get to sit on the plane for another hour without it moving flight has been awful,negative,negative
thx someone picked up after minutes,negative,positive
left us had to stay on other flight until they got bags off this sucks had to run with a baby and bags,negative,negative
then send your jeff smisek on a trip with jetblue or sw and make sure he takes notes i would never choose to fly united again,negative,negative
over weeks since you took our money and left us stranded hours from home had to rent a car and you still have not helped us,negative,negative
he was trying to take stuff from the under the seat in front of him and bugging out throughout the flight didn't feel safe,negative,negative
i travel a lot and i get it you're still my fave but ewr to cleveland w min layover to connect to dc our best option come on,negative,negative
can you please give me a travel agent support phone number i cant find it on your website thanks,neutral,neutral
it's not a consolation because my bags are somewhere else which is a real impediment to me going on a different vacation,negative,negative
hahahahaha ya tried that already,negative,negative
is it possible to cancelled flight my reservation online,neutral,neutral
port au prince haiti for continued food distribution medical supplies orphan care flyingitforward,neutral,neutral
have a pm flight out of phl sat snow expected are we able to switch to an earlier flight without penalty,neutral,neutral
you guys need better communication to your customers this is rude and unprofessional,negative,negative
is there a referral program for the milageplus explorer card,neutral,neutral
why offer automated call back option when agent is available only to call me have me sit on hold at am onholdfordays,negative,negative
well thankfully they've got a nice food court here when will an update be posted,positive,neutral
other carriers are less than half price for a round trip fare i am stunned,negative,negative
just wanted change an anytime flight leaving at phone hold mins phone answers she says sorry no dice,negative,negative
this is the last time i use your airline i promise that,negative,negative
i love you guys i'm gonna let you finish but i've been on hold for hour trying to book a flight w my voucher,negative,negative
expedia reserved a ticket for me and more for a usaw flight but only issued they are not responsive thoughts,neutral,negative
cancelled flightled had to get refund cancelled flightlations happen but the min phone wait painful music unacceptable come on,negative,negative
are my bags here yet they were at palm springs airport i was at lax how come i beat my bags here,negative,negative
the wait time for a baggage question is minutes that's crazy is there a limit to the amount of bags i can bring internationally,negative,neutral
how do you refuse a customer who is willing to pay to upgrade when half of your first class is empty,negative,negative
standing in line with people all looking to do the same,negative,negative
yes please companionpass,neutral,positive
i ep,neutral,neutral
been sitting on this plane unreal when will my day nightmare end,negative,negative
i am in seat c and i cannot even open my laptop and i paid extra for this seat,negative,negative
suck,negative,negative
rocks open letter to flight attendant my child was inspired thank you,positive,positive
my flight was delayed due to maintenance in lit and caused me to miss my connection at iah to msy can you help,negative,negative
can someone please explain the process of of what happens to property found on a plane after passengers leave at heathrow,neutral,negative
hi i just bked a cool birthday trip with you but i can't add my elevate no cause i entered my middle name during flight booking problems,negative,neutral
flight how are u going to compensate me for sitting on the tarmac for mins and missing my phx bos connection,negative,negative
no exceptions for national awards,neutral,negative
is there nothing you can do for me no compensation at all given the circumstances i feel like there must be something you can do,negative,negative
this doesn't address my issue i am on hold for min to speak with an agent,negative,negative
cancelled flightled two flights from miami to nashville yesterday and could not get me on a flight for days southwestairwasthere,negative,negative
fails again saves the day,neutral,negative
there is a disconnect between your pr group and the actual business strategy and employee attitude on the ground liars united,negative,negative
knows customer service thank you for starting our week vacay on an amazing note thank you sarita,positive,positive
have you inspected the picture routine aircraft check while on his cell phone what will the faa nyt say,negative,neutral
come on i just want to go home i can't miss another day of work stuckinmemphis texasisclosed,negative,negative
and now that flight pushed back to pm departure,negative,negative
ugh always know a way to my heart,positive,neutral
airlines st only time i ever fly your airline what a disgrace i should've listened to your tweet horrible,negative,negative
how come i'm not getting my points after i buy from the rapid reward shopping site,negative,neutral
us wait now a gate opened back we go good maybe we can get off,neutral,negative
i finally got someone on the phone so no worries,negative,neutral
yes on a nonstop to memphis tomorrow morning with the snow coming in i got my fingers crossed it will go,neutral,neutral
so far my phone wait time is longer than 's oscars coverage whatcustomerservice,negative,negative
horrible experience ever with airline have to reconsider any future flights customer service,negative,negative
dear virgin customer while you're stranded in sf for days cost we'll do the very least we can to accommodate you,neutral,negative
officially on hold for hours,negative,negative
took this picture on thursday awesome,positive,positive
pay for a cab back to the airport to show baggage dept my wet shirts and suit is not a viable option nd time this has happened,negative,negative
lisa j is amazing the guy not so much,neutral,positive
why am i sitting on this plane for an hour after scheduled takeoff without a cloud in the sky keepusguessing isthisyourfirsttry,negative,negative
is not being responding to the athletes notcool southwest,negative,negative
of course have fun celebrating thanks happy chinese new year,positive,positive
tell the flight from clt to srq to wait,negative,neutral
what's up with the random delay on flight any chance of it being a false alarm,negative,negative
i was in nashville and i had to drive and a half hours to memphis but i made it as the plane was loading,negative,negative
what is a personal email that i can contact i have a complaint that you should know about,negative,neutral
houston bogota boarding again safety first it seems the mechanics fixed the problem faster good energy to fly home family,positive,positive
and it's with no sign of boarding can i please get another update,negative,negative
flight to phoenix deboards passengers going to salt lake city because they can't resolve a simple bathroom issue fail,negative,negative
website says my flight is on time it leaves in min and nobody has boarded yet pathetic needtobehonest,negative,negative
after several miss communications i was able to get to ord but i am not home yet and not sure i will get there due to her error,negative,negative
sweet glad to hear it i'll keep you guys in mind next time,positive,positive
cb how do you know,neutral,neutral
flight delayed minutes in ord because plane didn t have all the food that should be fixed in the future it s a dumb delay,negative,negative
is definitely my new favorite airline,positive,positive
hey so many time changes for ua we going tonight or what mia ewr,negative,neutral
i tried speaking to multiple people at your reservations desk after min on hold waivethefee poorcustomerservice neptune,negative,negative
customer of the year,neutral,positive
despite my bag not making it to newark good informative email tracking updates help,positive,negative
is ua still taking off at pm i'm stuck on the tarmac on ua waiting to get in,negative,negative
i really want to get home tonight preferably please stop delaying my plane americanairlines,negative,negative
i understand but it's tough when there is no way to get to the airport w o serious risk of an accident it's a steep price,neutral,negative
can i use an swu on an finnair codeshare of an american operated flight jfk man thanks in advance for the help,neutral,neutral
how do you lose a gate checked bag den to ord direct flight ugh,negative,negative
i recently moved and got a new license and when i booked my flight months ago i used my old license do i need to change that,neutral,neutral
so you cancelled flightled my flight again are you paying for my hotel,negative,negative
fix your jet bridges minute delay nd gate still waiting jetblues,negative,negative
what is going on with baggage claim in newark tiredandwanttogohome,negative,negative
you guys rule i will dm you thank you,positive,positive
yet another delay missed connection and your customer service has an attitude with me wow,negative,negative
flight den to phx flight attdt decides to stay downtown and be an hour late flight so entire flight delayed she better get fired,negative,negative
i have received one previously on the th having checked odd as you said there was no complaint associated with my e mail,negative,negative
those whose pay to actually fly with you over k year deserve better service than a cc holder,negative,positive
sure follow for a sec and i will,neutral,neutral
to realize your customer service leaves much to be desired and the folks handling the calls could care less and it shows,negative,negative
btw robin hayes is speaking at next month's aviation summit he ought to give a shout out to his twitter team you rock,positive,positive
i was on today to yyz i had a bit of a bag issue that was cleared up beautifully thank you to all of the check in,positive,positive
wish you would make austin tx a hub missing you as my only airline for all my biz travel since i moved from bos,positive,positive
had a maintenance issue stuck in geneva with meal voucher that won't even cover a plate flight of spaghetti really,negative,negative
what made you come to this can we help you with anything jp free tickets for the i convince,neutral,negative
fll to mde great flight great customer service thanks mths waiting to speak to a human at customer service,positive,positive
sent you my confirmation via dm thank you very much,positive,positive
sitting on a plane in philadelphia for over minutes waiting just to get off the plane great service,positive,negative
i'm on ua and my direct tv isn't working how do i avoid this in future,negative,negative
so anything found while cleaning the plane in dc would be at the baggage office even something small,neutral,negative
i sent the message let me know asap,neutral,neutral
don't just cling on to the safety card it safety was really an issue then flight would have landed immediately,negative,negative
interesting you forward compliments but never complaints world's worst airline goingforgreatnessfail,negative,negative
flight was great fantastic cabin crew a landing thankyou jfk,positive,positive
we hate delays have you tried any of these although we're not sure what a timbit is,negative,negative
ah grasshopper your twitterz kung fu no good hire geeks,negative,negative
yes and the auto rebook confirmed an outbound that departs after the return flight fire the software programmers,negative,negative
this has been my worst flying experience with you guys you need to do better,negative,negative
what's going on with passengers diverted to clt on fll to phl flight that left at tonight,neutral,neutral
and my luggage has been broken youcouldntmakethis up brokenwheel,negative,negative
he is months old and is suffering from a rare form of cancer your customer service agents had no compassion and i am disgusted,negative,negative
great thank you,positive,positive
flight from bos to tampa takeoff min late flight,negative,negative
i really love your customer service lou ann in phx rocks thanks sw be ourguest,positive,positive
hour delay supposed to land at pm now it's am still not boarding epicfail,negative,negative
when are you putting some great deals from pdx to las or from las to pdx show me your love,positive,positive
our non profit arc would love tickets as we rely on airlines for extractions in saving abducted children and returning them home,neutral,neutral
mold on my flight us filthyplane hopeidonotgetsick,negative,neutral
i booked our flights w i saw the same prices each time i searched it wasn't the least bit frustrating customerservice,negative,neutral
just saying the truth you don't even an email,negative,negative
was wondering if you guys recieved my dm and we're able to potentially respond asap,neutral,neutral
i'm seeking to go client b c u cant get me there i need refund i filled out form not confident it works if past is an indication,negative,neutral
why did you load us in this flying sardine can if you knew the pilots were hours late flight incompetent beyond belief,negative,negative
my wife needs help she is stranded in chicago and can't get out until monday they won't find her bag because volume too high,negative,negative
you keep suggesting people call but we just end up on hold for hours you seriously don't have a better method,negative,negative
well as of yet our checked bag has already vanished and we haven't left the airport yet,negative,negative
our ft tus dfw w cx to lga tomorrow cancelled flighted hrs so far waiting for call back what should we do need to get to nyc,negative,negative
how can you not put my bag on plane to seattle flight waiting in line to talk to someone about my bag status should matter,negative,negative
hahaha meanwhile in russia,neutral,neutral
thanks weather disruptions have caused some of our crew to run late flight we're sorry for the delay to your flight,negative,negative
are the bags off flight clt to jfk we landed last night just before midnight,negative,neutral
they are rude and unhelpful they suggested i catch a flight tomorrow i was supposed to be home today at am and work is waiting,negative,negative
not sure i can trust a statement with that many small numbers above words,negative,neutral
slightly better crew spent a long time searching for better altitude would have helped to let pax in on why all the sharp drops,negative,negative
i love flying with u but i have a question why is one of ur planes called ny jets,positive,positive
you may dislike delays but i paid you we had an agreement that i paid you and you got me to my destination at a certain time,negative,negative
a lot of apologies being thrown out to customers from what i can see very sad thanks for nothing worst airline ever,negative,negative
lady at b abq for on was of a great service to all among several cancelled flightlations,positive,positive
u suck we have been sitting here for hrs because of ur negligence,negative,negative
when are you going to get wifi on your planes,neutral,negative
load balancing system apparently down systemwide major impact on all united airlines flights was this a cyberattack,negative,negative
of course you are because that's your companies job you guys failed at it in the first place upgrade me and then we'll talk,neutral,negative
you board a a flight and then cancelled flight it because it doesn't have a pilot now i miss my meeting atlanta because someone slept in,negative,negative
can't dm you're not following lly rebooked on ua but still need seats,negative,neutral
hook me up with a free trip to barbados and i will tell you the secret beaches to see,neutral,neutral
great job getting flight in minutes early too bad we're at minutes and counting waiting for our bags,negative,negative
how is tkt in the a grp for a cxld flight gets stuck at the back of the cs when your site phone and agents took h to rebook,negative,negative
i believe just customer service at last post he was at narita in tokyo they sent him to a motel to rest said standby maybe days,negative,negative
i don't know who that may be i was also working from home thanks for nothing,negative,positive
trying to reset my password email never arrives help,negative,negative
dmed the name,neutral,neutral
having trouble reflight booking problems a cancelled flighted flight no one picking up phones and your site isn't working,negative,negative
my ex boyfriend picks up my calls more than you do cancelled flightedflight nocustomerservice americanairlines fail,negative,negative
it's been cancelled flighted your sm response is slow,negative,negative
i left my son's duke hat on flight last night it says mason on the back any way of locating it thanks in advance,neutral,neutral
secondly we did not begin boarding on time despite our aircraft being present and deplaned thus we left over min late flight,negative,negative
unable to check in my flight it says my itinerary is ineligible for checkin online go to counter very inconvenient,negative,negative
just go ahead and start the scavenger hunt after pm today when work is over destinationdragons,positive,neutral
it would be awfully nice if you could send an alert when my flight is cancelled flighted no text no email no love,negative,negative
the exhaustion of traveling n runnin thru the airport and tryin rent a car n not killin myself my family or anybody on the road,negative,negative
i sent a message it's very irresponsible that my suitcase cannot be found this is truly worst service ever fedup disastrous,negative,negative
you guys are killing me,negative,positive
is it true as fas are saying that you have no way to collect money from passengers after door closing who want a mce seat,neutral,negative
haha thanks you guys are great unlike the gopatriots,positive,positive
it's all automated and no one cares to understand the problem i'm having,negative,negative
it's am and wife still doesn't have her luggage which was promised by pm and said to be on its way file number dca m fail,negative,negative
you completely let me down tonight your gate agents' ambivalence is just too much how sad for you me,negative,negative
well you can't fix me missing my buddies th bday because of negligence but you can attempt to make up for it,negative,negative
i spoke with a customer service rep who was rude and curt and transferred me to eternal hold sad badservice mergerdisaster,negative,negative
clicked on the link and got this confused,neutral,neutral
please stop changing my flights for spring break this is the th time,negative,neutral
it says it is now you owe me,negative,negative
playing hide and seek with the gate we can't find it it should only be a few more minutes,negative,negative
aftr hrs bng held hstg at mia bc aa refsd to get med bags bag fnd aa then refsd to fix tkts they cnceld said to fly,negative,negative
why can't i get a boarding pass for my austrian airlines codeshare flight rebook incls a hour layover i am stuck outside sec,negative,negative
your avis rental continue button doesn't work on your website to book car tried times on phone this sucks,negative,negative
still not taking calls storm ended days ago be like pats and doyourjob,negative,negative
what are the chances you will be cancelled flighting all flights in and out of nashville again,negative,neutral
needs to pay for my car i could have been on my flight if help desks did not say it already left shame,negative,negative
hey ho its not me losing any money only you just next make sure you stick to the flyers right's booklet,negative,neutral
marks th birthday with 'blumanity' paint job blog,neutral,neutral
considering it was purchased on the st and i attempted to use it again on the st i believe it would fit these parameters,neutral,neutral
great will do once i land in jfk,positive,neutral
dfw gate to bmi agent seriously is beyond incompetent never flying aa again if can be avoided fail pathetic,negative,negative
why a different airport i have no way of getting to a different airport,negative,negative
your seat assignment process when flight booking problems is misleading i'm not paying extra to select a seat,negative,negative
we appreciate the shoutout for roberto dm confirmation code so we can forward ur kind words confirmation code,negative,neutral
to add insult to injury i have to go pick it up myself real class act i'll stick the delta from now on,negative,neutral
what's the best way to get your tickets print off at home or go to check in desk,neutral,positive
checked me in through security under the wrong name and given the wrong boarding pass airlinesecurity,negative,neutral
i'd love to take my seat but it appears as though someone already has disappointed upgrademe wtf,negative,negative
this experience was the worse flying experience i've ever had to be met w contempt from your customer service makes it worse,negative,negative
maybe on my return trip,positive,neutral
thanks but why did this occur you guys had hours extra to get my bag on due to your delay so that's hours you had fail,negative,negative
customer service is terrible been waiting weeks for a reply to an email not helpful at all and keep brushing off problems,negative,negative
need to retrain us lead flight attendant and gate agent at arrival mke horrible attitudes toward helping customers,negative,negative
i m still disappointed that it is apparently ok for a flight attendant who isn t up on current policy to argue with a traveler,negative,negative
thanks great stuff i can only imagine how jammed everything is,positive,positive
i appreciate the reply we re so sorry to keep you waiting laura an agent will be with you shortly cb,positive,positive
thanks for not sending me an update that our flight was delayed hours unbelievable,negative,negative
hi ho hi ho it's off to work i go weeklycommuteonaa,neutral,neutral
if i tell you i like that pick will that get me that bump to first class,positive,neutral
i understand the weather issue but you can't expect passengers to wait hours inside airports for whatever reason outrageous,negative,negative
you know what'd be beyond awesome a pair of tickets to the show in atl a girl can dream destinationdragons,positive,neutral
question is why flight took off at all now a friend is stuck needlessly in another city,negative,negative
your gate agents at dfw gate b are pathetic tonight terrible communication stories changing and apathetic,negative,negative
min delay for mechanics to replace rivets mins late flightr turns out mechanics had wrong size rivets more mins pathetic,negative,negative
machines are broken lines are out the door for self service cust support and bag check in,negative,negative
hours of sitting in the plane that hasn't left the gate yet more hours of actual flying left,negative,negative
after a crappy flight due to delays and rude staff members i'm happy to report after paying to check my luggage it's ruined,negative,negative
i paid the premium to fly you across the country you cancelled flight my flight and offer no check fee or upgrade love sad face,negative,negative
your website is fucked up now instead of a flight i should ve had yesterday it s today thanks,negative,negative
is the bonus at flowers still on or did it expire,neutral,neutral
dealing w fam emergency was told was rebooked this am to aa flight out of ord and now it's not in system need help asap,negative,negative
wasn't frustrating well not in any way relate flightd to y'all anyway impressed that i made it,positive,positive
flights in hrs i've had the same flight attendant for of those flights freaky coincidence plus side she's great,positive,positive
awesome usair tysvm,positive,positive
still sucks i don't understand why you have two cust service agents for a long line at houston international b gate unitedsucks,negative,negative
not sure why the people in row that paid for a premium seat can't use their overhead space,negative,negative
thought u merged but usairways sucks worstever,negative,negative
sure thing,positive,neutral
you can help by now finding my baggage reply to me asap with who i can direct details to,negative,negative
can you assist with current flight status for flt out of dfw tomorrow at am,neutral,neutral
plan to repair its brand via,neutral,neutral
flight cancelled flightled and the updated one gets me into bwi too late flight i'd be fine with dca or iad just arriving earlier help,negative,negative
i guess the kit kat looks tasty not going near that sandwich,negative,negative
thanks for replying i sen't my conf i love aviation and southwest and all i wanted for my th was to fly swa for the day,positive,positive
roc flight cancelled flightled love my snowy drive home with no useful substitutes,negative,negative
thank u for the hr delay then boarding us onto a plane that reeks of vomit flight attendant indicated it wasn't cleaned properly,negative,negative
on hold for going on minutes after spending hours delayed in denver cause of a broken plane thanks guys,negative,negative
i have a cancelled flighted flight tomorrow morning and the number did nothing please i just want to go home,negative,negative
incidentally sheila at jfk deserves a raise because she's awesome,positive,positive
yes but it's not looking the ticket agent at out terminal dismissed us and we missed a chance at a miami flight then to dr,negative,negative
absolutely disappointed in your lack of service lost my bag and can't even deliver it after i was told it would happen,negative,negative
luggage and contents destroyed both on outbound trip last week inbound lastnight in philadelphia careless,negative,negative
flight from dca to bos has no heat ohno bundleup leastthebeverageswillbecold,negative,negative
yea no worries i'm just going home to denver not your fault weather sucks bad,neutral,negative
it's noting about me i m perfectly fine it's the attitude and dealings with flyers stubborn demanding unwilling to accommodate,negative,negative
i am going to stop flying with you delays everytime this time due to paperwork,negative,negative
well its been over hours now and still no one has picked up try paying overtime and bring in more people,negative,negative
flights taking off from iad this afternoon,neutral,neutral
why do you have every channel but how are and i supposed to watch scandal but free flyfi is sweet,negative,negative
strikes again late flight crew for the trip and maintenance worth the extra trip for less hassle and fewer delays,negative,negative
see no response obviously you think this service is acceptable customerservicefail,negative,negative
spending my birthday night with you dal dca get me home,negative,positive
is changing its mileageplus program winners and losers airline travel loyalty rewards,neutral,neutral
hi i just got a message that part of my flights is cancelled flightled i can't rebook online and nobody answers my phone call help me,negative,negative
can you tell me why all flights from xna dfw are cancelled flightled for tomorrow morning already,negative,neutral
phl why does it take an hour to offload bags especially after taking min to get a jetway to get off plane after landing,negative,negative
very disappointed in cc purchased ticket online w voucher and charge full amnt would not hold price after refund unacceptable,negative,negative
i paid extra for my seat the monitor didn't work from on aa how about a refund on the seat conf mdbeei mcmullen,negative,negative
my email is my twitter handle followed by gmail,positive,neutral
so is that two seats avail so far for us,positive,positive
i need to rebook and i cannot get an agent can you help,negative,negative
been at dca at pm still here at am due to mechanical issues and lack of snacks on the plane absolutely worse experience,negative,negative
i really have a hard time believing that planes in this terminal are all delayed for mechanical issues whatgives dullessucks,negative,negative
it's be nice to take a flight and have some level of consistency service from the flight attendants quality control,negative,negative
bullying in the workforce not ok get gate agents work as a team against is never cool delays flights unitedairlines,negative,negative
best part was hearing the attendant give a voucher to person next to me for hotel at bgr then my guy saying we don't do that,negative,negative
thanks for help can't wait to travel with and get out of the snow,positive,positive
since ua ord ewr is delayed pushing it into meal time does that mean it will be catered with meals in first,neutral,negative
always love opening the upgrade email,positive,positive
hours and degree difference yes please mht to mco,positive,negative
tweet just popped up on my phone with follows missing my favorite southwest pilot and brother,neutral,positive
once you go blue you don't go back,negative,positive
i can't work with them if the call gets cut off while i'm still holding is dfw looking any better tomorrow,negative,neutral
why is my ktn not showing on my boarding why is tsa pre check not applying to my boarding pass,neutral,negative
i was tomorrow i missed my meeting today it was pointless pay hotel today when the purpose of my trip has been screwed,negative,negative
yes thanks i have never seen anything like this and i come to yuma all the time big disappointment there are still waiting,negative,negative
have been waiting in an airplane for a total of hours to take off between flights today this usually doesn't happen,negative,negative
i worked with you and bought my own rental car when you failed to get me to the location i paid to get to and now,negative,negative
question is it not possible to book a seat for an infant under it's not giving me the option but we want a seat for him,negative,neutral
i'm searching for flights to redeem with miles and getting different search results with user accounts any reason why,neutral,neutral
omgee onfleek why why how many people even know what that means lol,neutral,negative
and team up offering in flight access to journal content,neutral,neutral
why does it feel like i'm being nickeled and dime to enjoy a flight with aa i purchased a tkt but have to pay extra for a seat,negative,negative
what is contact info to upgrade using advantage miles,neutral,neutral
you airline is doing rather poor right now in slc waiting to take off was suppose to take off now hours and minutes ago,negative,negative
best way to kill nine hours at the airport when all flights are full and the airline won't put you standby stranded,negative,negative
i luv ur people and product thing is y do u charge for herbal tea but not black tea i'm not a caffeine drinker,positive,negative
thanks so the delay was the result of scheduling issues more than weather relate flightd problems,negative,positive
of course i am,neutral,positive
i've been on hold for hours when will you answer,negative,negative
i have been denied not sure how you charge one way then on way hime,negative,negative
freakin,negative,neutral
we've let you know how to help the millions of customers you've treated like garbage it's no coincidence ur ranked worst airline,negative,negative
if i try and call your reservations line will someone answer the phone now or will i be on hold for an hour again,negative,negative
i don't have a conference number i spoke with courtney in texas and david before that they finally fixed mine after an hour,negative,negative
mobile apps need construction from the ground up for each os category it's expensive to get right,negative,neutral
shout out to the flight crew for taking amazing care of us on our double down flight thankyou,positive,positive
please reply how do you mess up my rebook twice,negative,negative
can't checkin online for flight tmrw fr cancun undefined error not working family of don't want cgroup help,negative,negative
will you please update your website with the most current flight status and update your customer service phone on thx,negative,negative
once again on glassdoor's best places to work snagging overall notsurprising luvthem,neutral,positive
thanks for info on super large passengers the extra seat mr big needed was the one i was sitting in already customerservice,negative,positive
i will thank you what do i do if i can't get through and my flight on hold cancelled flights,neutral,neutral
hrs stranded in dca zero apologies and the worst customer service been a faithful traveler for years but no more,negative,negative
without baggage for days and can't get an update from houston airport since monday worst service ever,negative,negative
nice the man of steel might be faster but we have wifi just saying sciencebehindtheexperience,positive,negative
i got rebooked for tomorrow,neutral,neutral
repeating this is policy is basically repeating fuck you to your customers i'll be shopping for a new airline asap,negative,negative
wht n experience w aa reservations service tried to be patient with rep and she just disconnects me aa do u record conv,negative,negative
last trip on poor customer service trips in a row here i come,negative,negative
it's the rude and arrogant gate personnel uncalled for unprofessional theworst,negative,negative
cool picture of another virginamerica plane off our wing what a site,positive,positive
hey tried calling customer service and was told there's a hour wait this has been for the past hours thanks you suck,negative,negative
airways short interest down in january jblu sleekmoney,neutral,neutral
your new seat assignment service is an embarrassment to airlines and customers worldwide shameonyou usairwayssucks,negative,negative
last week shanghai to sfo delay hrs bc of engine today sfo sea delay to sick pilot no compensation they do not care,negative,negative
is flying from love to austin now that is most excellent news,positive,positive
flying to denver march st and my flight itenary keeps getting changed what the heck booked the trip months ago,negative,neutral
why doesn't provide a means for dialogue what is the fear that drives this decision worstcustomerserviceever,negative,negative
one staff on desk now been queuing for over an hr,negative,negative
flight cancelled flightled to denver service agent offered me a non jet salt lake to denver or red eye out of atlanta then hung up on me,negative,negative
do you guys have any working planes,negative,neutral
screws up again to be expected never again,negative,negative
thnk you for response all flights were full couldn't get out until tmrw had to cancelled flight and go w other airline,negative,negative
also your phone customer service is almost useless,negative,negative
on a good note the employees i encountered newark were fabulous i was very late flight for my connecting flight and they got me on,positive,positive
you made us miss our flight first class now i can't even enter the admirals club not happy dm me to fix this,negative,negative
at the airport ready to get this red eye going soooooo sleepy noplacelikehome eventhoughits degreesathome,neutral,neutral
how much longer will it take it a guitar not a royal commission,negative,neutral
i made a reservation online but i didn't receive any confirmation email my bank said the transaction went through can u help,negative,neutral
they were breathing very heavily but were super helpful thank you,positive,positive
your cabin 'thank you' message reminds people about having choices when they fly i will be choosing another airline next time,negative,positive
airport to figure this out or can someone tell me now flight is from san juan to san diego,neutral,neutral
thanks got it straightend out last night,neutral,positive
please send me a number to call to talk to a person and not be put on hold,negative,negative
on plane to newark now i was checked in as rebecca levi my bag is under her name too,negative,negative
heard apology times in the mins i was on hold now flying from another airport at a different time but delayed again,negative,negative
why is the buffalo flight so late flight,negative,negative
it's all good thanks,positive,positive
the we got into the gate at iah on time and have given our seats and closed the flight if you know people is arriving have to wait,negative,negative
i'm teaching new travelers how to research budget save for a trip today,neutral,neutral
new plane wifi not working entertainment non existent new seats seriously uncomfortable really unitedfail ua,negative,negative
i'm flying your fabulous seductive skies again u take all the stress away from travel,positive,positive
i have a roundtrip ticket now and i need to change one leg of the trip to a nearby airport not possible via website,neutral,neutral
great job with the passbook integration it ll really help streamline the commute to san fran,positive,positive
thank you for the refund of the change fee for a recent flight affected by our bizarre winter excellent customer service and focus,positive,positive
looks like you lost another customer when you stranded at clt she vows never to fly with you again smoothtransition,negative,negative
kids on a mission trip from lasalle stranded in orlando area they can't get back to bos or pvd till wednesday,neutral,neutral
she waved someone behind me to step forward although i explained what happened and indicated my need to make my flight,negative,negative
funny both my flights yesterday were delayed because of mechanical issues rotten luck to get planes in a row with issues,negative,negative
sitting here in phl with all of your rude customer service agents,negative,negative
thank u secured room for the night thx to very helpful customer service rep n dorns i thanked her can u goodenoughmother,positive,positive
nope all set thx for checking,positive,positive
worst customer non service for sure,negative,negative
can you get me to okc from sacramento today dfw is now closed,neutral,neutral
will be stuck in phx overnight service is getting worse flying southwest from now on,negative,negative
minutes on hold waiting to speak with an agent come on usairways ridiculous baggagelost usairways,negative,negative
thanks i just sent a few dms,neutral,positive
united flight ua after two delays just cancelled flightled no explanation no more flights to norfolk that aren't booked renting a car,negative,negative
but you guys switched me and didn't inform me of the chathes,negative,negative
i will be on this plane while on the ground longer than i will be in the air us,negative,negative
are you not even going to acknowledge that you bumped me from a flight not because of weather i am in arizona,negative,negative
to start xdaily b flights from orangecounty to portland or on aug avgeek,neutral,neutral
ha flight to ctl delayed going to miss connection can you please transfer me to another airline asap,negative,negative
any way you can help with entry to vegas event my boyfriend i have been fans since they are awesome,neutral,neutral
oh well i'll get to cancun eventually,positive,positive
your flights are really cheap what's the catch,neutral,negative
that's incorrect four people last flight of the night with our bags horriblecustomerservice,negative,negative
is a joke lots of angry people at iah this am,negative,negative
you suck,negative,negative
this is great news america could start flights to hawaii by end of year via,positive,neutral
this is the second time in a row i haven't received text updates about flight time change don't offer if you won't use it,negative,negative
why is it ok that no one can help me with the bag you lost on my honeymoon months ago this is not responsible or professional,negative,negative
patiently drinking and tweeting about my experience,neutral,negative
i've experienced better service making connecting flight from and badcustomerservice jfk pr,negative,negative
we got our luggage after waiting mins and went home right after not very family and ada friendly waiting that long w no chairs,negative,negative
why are your customer service department so intent on ignoring my emails and queries badservice usairways,negative,negative
yes they said it took more than an hour,negative,negative
our flight attendant announced that we have transportation waiting for us for that flight so i think we'll make it,neutral,negative
fabulous thank you so much looking forward to taking to the skies with you,positive,positive
hi i have a travel question could you please follow me so i can dm you,neutral,neutral
exactly,neutral,positive
minute delay this is absurd feel free to provide credits,negative,negative
and gold status too,neutral,positive
you guys should really improve the service experience with your on site personnel this has been one of the worst experiences,negative,negative
ua from madrid arrived no agent mass confusion we sent to and fro by ua employees maryjo was rude and unhelpful,negative,negative
why aren't twitter and reservations connected what do people want reservations duh,negative,negative
are there discounts every tuesday cause im leaving fron birmingham airport to san fran next week in march sometime,neutral,neutral
in characters yea right thanks for patronizing,negative,positive
full to capacity i also pid extra for these seats perhaps the crew could be more helpful,negative,positive
block me bike our fleet's on fleek,neutral,neutral
give me a direct number i can call regarding my lost baggage immediately,negative,negative
delayed in philly since sitting ontarmac since pm flight plz contact donaldaroberts com,negative,negative
where is the great customer service i have come to know expect you luv dropped by eb check in and no help in sight,negative,negative
at lax and your service reps just hand out the number to call so that's not helpful,negative,negative
will call thank you,positive,positive
to announce during boarding that you chose to limit catering to the point that you will run out shows a lack of planning imo,negative,negative
pilot forgets to show up to work and ricky j gate agent gives customers attitude usairwaysfail,negative,negative
iphone app adds passbook support airlines travel,neutral,neutral
i would appreciate that thank you,positive,positive
i was so looking forward to my first flight with you today but it was cancelled flightled along with the subsequent one,negative,negative
i keep thinking this is a massive practical joke and someone is gonna appear out of thin air and take me to reno tonight,negative,negative
delayed hrs flight pit iad finally board the plane sit half hour crew is at their hrs limit we deplane unacceptable,negative,negative
and year old flying to tokyo for vacation both with bad knees and this happens,negative,negative
hr and min delayed still waiting you need to do something to improve,negative,negative
it's worth saying that if you litter in singapore you get caned but there are rules says,negative,negative
plz kys i have been sitting in this plane for an hour i want to leave,negative,negative
thanks do yall expect to be operational tomorrow out of nashville,positive,neutral
you can't even track my bag to see where it is it's like it's disappeared,negative,negative
i cannot dm you as you do not follow me,neutral,neutral
mins and no answer my wife and baby need to get on that flight she arrived hrs prior please help venetia crook,negative,negative
our fleet's on fleek oh word,neutral,neutral
i'm getting leathery from the heat on before i even get to vegas,negative,neutral
another day another grievance with this airline no customer service,negative,negative
might have been cancelled flighted mechanical issue hours late flightr people still waiting and zero information please send help,negative,negative
honestly i stopped trying to report things via website now i just laugh flights work miles accrue i'm sure it's just cosmetic,positive,neutral
ok thank again for your help,positive,positive
when will flt get a gate at den over minutes waiting with no information,negative,negative
great job today in ruining people's vacation thanks to your incompetent pilot and staff we have all now missed our flights,negative,positive
day of this saga maybe they'll finally make it home intentional or not it not gonna get them back there vacation days badservice,negative,negative
our fleet's on fleek what ihop started,neutral,neutral
quick why is a person traveling w a mosaic not get the green tag doesn't make sense i end up waitin my sons bag anyway,negative,negative
i think you guys had a half full flight at so you held our overbooked pm flight to fill the other one then cancelled flightled mine,negative,negative
your worker told us not to call because we'd be talking to someone in thailand,negative,negative
it says i can't because my flight is in progress,negative,negative
no i haven't done that yet is that something i can do online thx,negative,neutral
microsecond too late flight so very very sad,neutral,negative
have checked all day cho needs added please evaluate,negative,neutral
been trying to book a whole new flight since hours what is wrong with your website,negative,negative
i can't get through to a customer rep to help me out this is the only option i have got,negative,negative
your software is broken call customer support is not the fix like i said earlier yell at your developers,negative,negative
thank you both very much,positive,positive
keeps asking me to enter a valid email address my info is saved and has worked hundreds of times before,negative,negative
i get can appreciate that i've just had so many problems in the last year flying with guys pretty aggravating,negative,positive
well i'm not sure what there is you can do the bad experience had already been had,negative,negative
you have a lot on your plate flight dealing with cancelled flightlations and weather tonite those are more important i know you will respond,positive,negative
already booked my tickets for august th th can't wait for my vacation,positive,neutral
thanks for nothing,negative,positive
delayed again by united gate agent was borderline rude when i asked her a flight status question what is happening to united,negative,negative
vegan meals can be more creative than noodles peas and zukes non vegan yogurt is not acceptable for a vegan can you do better,negative,negative
hi there i am flying myr clt ord tomorrow is weather looking ok or problematic,neutral,neutral
got mine just in time for the wife and my th anniversary,positive,positive
there's over people in line and only one agent,negative,negative
i use to luv swa but after an hour and counting on hold for a flight they cancelled flighted on me noluv,negative,negative
final count hours minutes on hold to be told i need to log in to u s airways website and there was nothing else to be done,negative,negative
ua has now had different departure times wtf make up your mind,negative,negative
a refund and flight vouchers or another flight on a different airline at your expense for today hour drive is very inconvenient,negative,negative
i'm trying my hardest to not get frustrated but i am getting no response on email or by phone aa owes me how do i claim,negative,negative
we now have to get off of the plane and wait another hours for someone at the to read the temp tired,negative,negative
fail my wife on the phone asking to switch flight times in mid switch gets disconnected now cancelled flightled no new time no call back,negative,negative
i have a voucher that expires next week can i get an extension on it before it expires,neutral,neutral
been holding for hour and minutes to rebook cancelled flightlation you guys need more help,negative,negative
was in the air just dmd you,neutral,positive
sitting in seat d on a flight back from vegas to chicago someone left a folder that looks important in the seat pocket,neutral,neutral
hr min cost of flight change was hrs ago b f drop call cancelled flighted flight asked refund,negative,negative
where is our luggage,negative,negative
you guys straight up suck ass,negative,negative
can i get home before or no,negative,neutral
making a bad situation worse cancelled flighted flight making us stay overnight in sxm won't provide vouchers to stay in a different hotel,negative,negative
i have filed multiple complaints i prefer to continue warning the public instead of wasting more time with this inhumane corp,negative,negative
the two of you should team up to serve cinnabons on the flights bonsinthesky,negative,negative
both pictures taken at the same time but which is right totallyconfused,neutral,negative
i will be patient as your agent explains how you have me booked on a new flight for when that plane doesn't arrive until,negative,negative
what is the status on flight stl aus,neutral,neutral
you have to service your remote controllers on my flight i watched equalizer movie three times because my remote was stuck,negative,negative
minutes to spare,neutral,negative
flight to savannah ga,neutral,neutral
thanks was just about to book a flight to uk using but after reading this exchange there's no way i've sent,neutral,neutral
i can't no one can't get to hold you can't get past the automated reply it hangs up on you frustrated,negative,negative
to dm you i have to follow you and i'm not doing that plus they're no more options that's why i had to fly with you epicfail,negative,negative
now the freezing bus is just doing circles,negative,neutral
we've been sitting on this plane for almost an hour waiting for it to be fueled shouldn't that have been done b we got on,negative,negative
the highlight of being delayed freeconcert,negative,negative
delivered mom's delayed bag to the wrong place hrs on hold yesterday hr today still no bag aa,negative,negative
this is ridiculous planebroken can't wait to board this one home hours late flightr neverontime brutal paymytab,negative,negative
they let us know in advance of the reboot yes thanks for the attentiveness,positive,positive
thanks i just sent a dm with this info,neutral,positive
my flt aa for got cncled and i cant get hold of a csr so i can get alternate arrangement plz help,negative,negative
is better than aa,negative,positive
on hold over hrs and got cutoff cancelled flightled my flight now can't get to booked cruise in florida terrible customer service,negative,negative
i'm at will be nasty in boston have family driving min to pick me up from erie think flight what if cancelled flighted,negative,negative
my flight was cancelled flightled i need to be rebooked and i can't do it online and they aren't answering calls help,negative,negative
try this dpdfpp,neutral,neutral
all good next flight was a little delayed so it all worked,positive,positive
another delayed united flight i should not be this surprised or upset i'm mostly disappointed i have to cancelled flight my trip with my dad,negative,negative
i know this is probably a no but is there a way to get a cheaper airfare ticket if the flight is leaving in a few hours,neutral,neutral
one lady helping the of us with luggage,positive,negative
yes i am as well five hours on hold folks can you please tell me if this is typical trying to be understanding here,negative,negative
ok to top things off you've lost my luggage could you get any worse unitedairlines,negative,negative
yesterday i'm sorted now,neutral,neutral
what would it cost,neutral,neutral
well it's la and then a hr car ride to a dark palm springs technically maybe i'll get bumped to st class den to phl on friday,neutral,positive
issue is jfk pilot explained once jfk reopens we can get scheduled back there but why can't we divert to lga closer than acy,negative,negative
my mom always said to never settle if your chips ain't blue you just won't do,neutral,negative
haha i figured that i was meaning there's no return flights out of charlotte it's like n a for a week plus,neutral,neutral
on hold for mins and then used the call back service only to have an agent call me and put me on hold forever anyone there,negative,negative
i think we'll need a selfie as proof,neutral,neutral
big surprise nogate waiting for our plane same fucken issues everything i fly you fail worstairlineever,negative,negative
correct date is,negative,neutral
flight was cancelled flighted after the last opportunity to rebook us on other flights this evening passed,negative,negative
i've been trying to set up my phone interview for days and hoping the position won't be filled because the link doesn't work,negative,negative
quick response offering assistance but lack of follow through not really the service i was expecting,negative,negative
all other ana ticket holders get to use the lounge too but not us because united booked us grumpykim,negative,negative
flight out of seattle has lbs too much fuel and no water for the lavoratories nice job guys est min behind now,negative,negative
thanks everything a ok now,positive,positive
booked flight mnth ago seat confirmed small plane arrived and was not allowed to board bcs no seat horrible service,negative,negative
aa mins for priority bags to arrive now late flight for evening plans delta min bag guarantee anyone,negative,negative
because according to the flight attendant my husband doesn't talk english when the fact is that he understand and talks it,negative,negative
still awaiting a reply from ur customer services days no response lousy unitedairlines,negative,negative
i called jet blue to get an explanation and make sure it would not happen in the future i was told to write the fraud dept,negative,negative
this entire process took sooooo long that no decent seats are left customerservice,negative,negative
remember in business a pleasant experience means you will tell a friend a bad experience means you will tell everyone you see,negative,negative
unfortunately that's not an available option with our current system sorry guys that's a certain fail fix it plz,negative,negative
while listening to a delay message on my phone another delay message was coming in get your shit together,negative,negative
why don't you respond to my e mails of facebook msg i'm still wating for my tickets i'm getting really angry and disappointed,negative,negative
i start a new job tomorrow you cancelled flight my flight bwi lax and you really can't get me on another flight today,negative,negative
i don't want jetblue tv i want jetblue wifi,negative,positive
priorities should have been made considering a pending snow storm why delay a flight for an hour a half i'd like an answer,negative,negative
i sure do i'm running version,neutral,neutral
jt thanks for your help i ll complete the form once we are back home,positive,positive
were boarding now i'm really not impressed i've learnt a very valuable lesson,negative,negative
can you share where it is coming from,neutral,neutral
on a flight to new york love the quality planes on united wtf crappy aviation newyork,negative,neutral
great decision making skills flight ops iah bag makes a minute connection and i don't flight pushed early disappointed,negative,negative
thank you for checking in tickets are purchased and customer is happy,positive,positive
look another apology do not fly,negative,negative
you see now that is a lie they auto respond with insulting email sucks,negative,negative
also gave up after hr minutes on hold maybe put a few more people on it,negative,negative
have scheduled flight sat morrow cho clt cho needs to be added to weather advisory please evaluate asap,neutral,neutral
can you priv chat to help chairman reroute,neutral,neutral
hopefully nashville is open i want to come home today,neutral,neutral
ok that's super helpful thank you i'll reach out if i have any other questions,positive,positive
dca to rsw at am cancelled flightled rebook to charlotte cancelled flightled can we rebook selves online,negative,negative
still waiting for a flight i should get my money back,negative,negative
a change fee of same exact flight from atl hou is why a charge of the math doesn't add up,negative,negative
thanks for the opportunity,positive,positive
so the hrs that you told me was what a guess they've apparently had the bag hrs now and no call,negative,negative
i digg it,neutral,neutral
originating at sfo and going to lax,neutral,neutral
thanks for seating me next to hot athletes this flight is significantly better now,positive,positive
i need an answer why we can't get into wichita falls,negative,negative
give me an email address and i'll send the actually screen shot to you,neutral,negative
will i make it with the delay,neutral,negative
i sent you a dm hours ago,negative,neutral
no commitment to a good turnaround an operations mgr would have counted a dozen small issues with individual performance,negative,negative
i'd hardly call going from miles to miles a ticket cutting edge about the perk,negative,negative
pathetic answer just found out my bag has been sitting at lga for hours and no call from you to lmk or delivery of bag bad,negative,negative
tell the truth this is a pic of your social media community managers isn't it,neutral,negative
i just sent a screen shot of the incident report,negative,neutral
strikes again why board anyone if there's something wrong with the plane common sense,negative,negative
nothelpful mt our call volume is extremely high today our apologies please continue contacting reservations for assistance,negative,neutral
i am so going to miss us airways you always provided great service and never let me down,positive,positive
any possible chance of swa bringing back service between lga bwi it would make it much easier to connect to the west coast,neutral,neutral
flights and i have picked up twice this week for and both times it was delayed,negative,negative
thx for the note flight was cancelled flightled and today is all booked so had to go with another carrier,negative,negative
your online site doesn't have flights listed in chronological order resulting in a mis purchase anything that can be done,negative,negative
so any ideas when the it geeks will plug in the servers so can be on its way to phx,neutral,neutral
julie andrews all the way though was very impressive no to,positive,positive
still waiting on our bag never got delivered yesterday can't reach a real person for help sending dm with ref number,negative,negative
can i change my flight if i already printed my boarding pass,neutral,neutral
how can i get travel question answered quickly online and calling not helping with this busy day,negative,neutral
why did i have to stand at baggage claim for an hour waiting for a bag that you knew never made it on to the plane,negative,negative
so what's allowed or what's not allowed to be carried in my checked baggage,neutral,neutral
my reservation were changed so that i can longer make my connecting flight how can i change this without incurring a fee,neutral,neutral
flying flight tomorrow at from pbi i have boarding position c is flight overbooked have funeral to attend,neutral,neutral
yes please get me the seats we paid for,negative,negative
flight attendant never served me my beverage tea and not once checked up on me what gives ua notcool,negative,negative
this is not true gate agents caused this and we're not helpful thanks for making me miss connection,negative,negative
lmfaooo our fleet's on fleek,positive,neutral
planning a family trip to orlando in may and trying to figure out when to book to get the best rate any suggestions,neutral,neutral
celebrates year anniversary with new livery digital journal,neutral,neutral
but if my bag makes it with me to greenville tonight then all is forgiven highhopes,neutral,negative
our fleet's on fleek why,neutral,neutral
i cant make it to airport roads are to bad in dfw and no one is answering the phones and the website is down how do i reschedule,negative,negative
hi i your company and fly all the time i was wondering if you could please share this link read,positive,neutral
this is ridiculous you delayed my husband's flights made him miss his connection told him to leave his bags sent him,negative,negative
unitedairlines so is it pm or ord abq i can't even take a walk without missing a change,negative,negative
extremely frustrating travel experience in denver instead of landing in sea on saturday now it's monday afternoon,negative,neutral
sjc lax after the fourth time i gave up,negative,neutral
how do i get a copy of my last flight showing original time and delay i need it for work thanks,neutral,negative
i was helped by a nice lady at phx checkin i spent hours on hold in hours so might want to look at efficiency there,negative,negative
they finally gave in a let him on after they threatened to send him back to vegas on coach thnx,positive,neutral
yes talked to them fll says is at central central says is at fll and here we go again i'm betting this will go mths,negative,negative
thanks for the response when is the next flight after the flight,positive,positive
has the worst customer service of any airline i've ever flown,negative,negative
been on hold for over and hour now,negative,negative
had a different fiasco on my outward trip and was rebooked on to qantas lax syd no ff miles show up in my account for that,negative,negative
my golf bag was broken on the flight i just took what's the process for damage reimbursement,negative,negative
companion pass because everyone deserves redcarpet treatment and a even if it's your mom,positive,neutral
would it kill you to not let miles expire,negative,negative
we've been on hold for hours,negative,negative
how about a real live person talk to the person whose luggage was lost for days and vacation wrecked,negative,negative
an hour delay because you can't print a piece of paper,negative,negative
i managed to get sorted out over the phone good luck dealing with the snow in texas,positive,neutral
that would be brighter than all the stars combined on the red carpet tonight,positive,positive
thank you fingers crossed,positive,positive
your gate agent re routed an impossible itinerary and we had to find a new airline to get us home super bummed about this,negative,negative
all i want is to know what to do regarding my connecting flights since my st is cancelled flightled could you be of assistance,negative,negative
want to bump up my seet to first class for two cancelled flightlations in hrs what a joke,negative,negative
currently crying i wanted to ski tomorrow but prolly not just a boy tryna fulfill his dreams,negative,neutral
to offer service from daytona beach to new york albany business review,positive,neutral
of course i work for and i'm obsessed with the entire virgin family,positive,positive
tried that cannot figure out where to go to get it,neutral,negative
can you help is in the wrong stuck in florida days they need to learn from real airlines,negative,negative
unacceptable was min late flight for a 'missing screw' our flight to tucson left before we even landed,negative,negative
unbelievable that for consecutive days i can't get through to a person on hold over hours and still going,negative,negative
please explain why i need to pay bag fees twice equally because a delayed flight resulted in bags being rechecked overnight,negative,negative
not at all rerouted to snowy bwi been trying to figure out how to get out of here now dealing with more baggage troubles,negative,negative
how do i get an answer to my question holding for hours after x getting your message just said you aren't taking calls,negative,negative
flight cancelled flightled yesterday and now a delay today has robbed my daughter of days with her grandparents thanks,neutral,negative
delacy p is a compassionate professional despite the flight challenges she made passengers feel like priorities,positive,positive
ok pilots are looking for agents they jumped out flt dfw this is crazy,negative,negative
thank you for always have the most amazing customer service bring on the disney princess half marathon,positive,positive
ya but u weren't sitting on the plane,negative,negative
group line gets longer every week almost no one left for groups anymore time to make explorer card group,neutral,negative
item not mine mysteriously ended up in my checked bag after a ewr to yow flight missing a black box,negative,negative
my flight booking problems c ld just times out when i select it under manage my flight booking problems for months now i have emailed but no response help,negative,negative
a bunch of flights are delayed from ffl to northeast destinations no announcements at the gate what's going on,negative,negative
very confusing to receive your trip is around the corner email when i already cancelled flightled the flight,negative,negative
okay thanks hope to be flying with you guys soon,positive,positive
hours gates and planes late flightr still not an update explanation or apology to be had worstairlineever unitedairlines,negative,negative
amazing to me that we can't get any cold air from the vents vx noair worstflightever roasted sfotobos,negative,neutral
i've got a ba flight as your airport couldn't accommodate us we were left without any info no vouchers for food nothing,negative,negative
can you get a gate for ua turrible,negative,neutral
flight to dfw from iad cancelled flightled for mechanical can i get rental car to mdt my origin,neutral,neutral
so she has to take a late flightr flight booked by her corporate disney travel dept as your agent offered little help,negative,negative
you are cutting into my pregame time go,negative,negative
why are your first fares in may over three times more than other carriers when all seats are available to select,negative,negative
for our delays i'm out of more money because of you,negative,negative
outbound flight hour delay b c air traffic gate changes dividend miles member gets no email or text updates,negative,negative
you must follow me in order for me to send you a direct message if that is what you meant,neutral,neutral
would like to talk to someone please follow,neutral,neutral
this has to be the best video i have seen ever teamspirit,positive,positive
no i had to leave for work would have not been possible so i would love to have this replaced now,neutral,negative
hello i was talking with but it says you moved here they sent me a voucher but does not work can u help,neutral,negative
wish everyone felt like you,positive,positive
our travel booked thru united group dept okc ticket agent less than willing to help with our connection in lax,negative,neutral
you are the actual worst you have zero respect for your passengers i'm officially done flying with you,negative,negative
why are yall trying to fly me to chicago when i don't live there send me home now bullshit ass customer service,negative,negative
i thought being a mosaic member had 'perks' the best part is instead of checking the extra lbs i'm carrying it on,negative,positive
well now saying our flight is going to be cancelled flighted that by not changing earlier we missed our chance to get out tomorrow,negative,negative
cancelled flighted our flight didn't rebook us on added flight now have to drive from a denver to kc thanks,neutral,negative
thanks for following up it finally worked fingers crossed the new flight works,positive,positive
leave our luggage in the baggage claim without any previous information that's not the deal,negative,negative
you will every chance i get thanks for keeping me exec platinum,positive,positive
julie andrews hands down,neutral,neutral
no wonder the cabin is filthy badservice,negative,negative
your site seems a little wonked right now may want to have a look tried on two browsers no css,negative,negative
ahhhh yes lauren,neutral,neutral
now about two dozen back in line to see a single csr for reflight booking problems final leg kiosks on fritz,negative,neutral
are you guys gonna be giving away any tickets for at destinationdragons,neutral,neutral
it's freezing on the gate bridgewaitingforbagsunitedewr,negative,negative
our flight was originally supposed to leave at pm now we won't leave until this is the nd time this has happened,negative,negative
what's going on with ua outbound flight last thurs was delayed hrs how long will this delay be worst unitedflightsever,negative,negative
my brother's flight into dfw was cancelled flightled yesterday are you flying from ont to dfw today,negative,neutral
you'd learn if you listen to your customers you do want you want asks their customer what they want,negative,negative
which also had working wc in coach good thing this bird landed ahead of schedule i have to use the wc stat,positive,negative
not patient originally and now,negative,negative
received email w reso's to my email that isn't associated to swa account i own with cc info for my sister fraud please dm me,negative,neutral
omg omg nonstop dallas to austin on virgin,positive,neutral
would a storage container like this green one be acceptable to check in with luggage gal totes,neutral,negative
followed dm'd,neutral,neutral
airways corporation jblu loses on news that airways wallstreet scope,neutral,neutral
nothing like back to back delayed flights let hope this one isn't hours like the last time,negative,negative
this is not a flight delay this is horrible planning on jet blue jetblue,negative,negative
if you can get us on a flight to vieques all will be good right now not looking promising,negative,neutral
did you guys just give up helping people your phone tree just hangs up on me and i have a flight tomorrow connection pending,negative,negative
did you pick the winners for the destinationdragons yearslate flightr maybeijustlost whyyounoloveme,neutral,neutral
thanks for sharing these photos round of applause for your crews we appreciate all their hard work,positive,positive
on the phone over an hour waiting for customer service got wrong fight information cost us hours from trip frustrating,negative,negative
yessir good morning rob we're showing the flight to sunny mexico just pushed off the gate,neutral,neutral
thanks for getting us to paradise safely,positive,positive
late flightr complete itinerary changes and lost work and time but yeah i got it rebooked,negative,negative
you fail snow coming to dc area tried to get on earlier flight you refused now flight hours delayed greedy and foolish,negative,negative
i'm still patiently waiting for a response to my complaint email on fri what is the normal response time,negative,negative
what's the link for flyfi,neutral,neutral
and i can't get through on any phones,negative,neutral
not only did you cancelled flight our flight from jfk and delay us by hours you've now lost of our bags worst airline ever,negative,negative
we had four scheduled flights on this reservation and literally did not take one unreal,negative,negative
fl cancelled flightled from dallas to austin no one answering need help,negative,negative
btr trained gate agts im a frequent flyer have nvr had issue w my bag day i was forced gate check while priority boarding,negative,negative
hi did the discount award policy for credit card holders change no longer seeing the chart of specials on the site thanks,neutral,neutral
had me on hold foreverrrrrr,negative,negative
thanks for making new direct flight to san francisco,positive,positive
we don't need anybody else,positive,negative
i have been in contact and know there are changes but it's a destination you should really evaluate thanks,neutral,positive
was supposed to be in little rock at am this morning,negative,neutral
flt sorry scheduled at phl mia a totally chaotic poorly addressed event sent to three gates in the night,negative,neutral
but when becomes about get money from the passengers are very strict but don't have any feedback as a reward,negative,negative
spending the afternoon mia not your fault no lounge very inconvenient,negative,negative
is not int'l friendly,negative,negative
i was told by customer service that only customer relations can extend the expiration date of my unused travel funds,negative,negative
rant cont to top it all off rescheduled flight to tpa at is already delayed how can they be that bad,negative,negative
flight cancelled flighted tonight and was told i won't receive a travel voucher for the inconvenience is that really your policy,negative,negative
the app doesn't allow canadian address i used the mobile canadian site and it will not let you select a passenger,negative,negative
well deserved,positive,positive
will all flights out of dfw be cancelled flightled today,neutral,neutral
i received a brochure in the mail touting all the benefits of the advantage card with usa now merged baggage included,neutral,neutral
i would die if i got tickets to destinationdragons and you would be invited to my funeral,negative,neutral
comically on the return flight from ase there were two united flights boarding at adjacent gates and not clear which plane to board,negative,negative
useless response i need a functioning wheelchair not a customer care form to fill out,negative,negative
thanks great news that u won't refund tickets due to a bad exchange rate i knew u would come to your senses,negative,negative
you are supposed to be in the business of belong customers not humiliating them,negative,negative
my feedback and concerns via your site aren t going to improve my poor airport experiences,negative,negative
line up iah avgeek,neutral,negative
yes and it gets disconnected due to the lack of wifi strength have you reached out to for help david,negative,negative
anyone there to help still on hold,negative,negative
it's time for a direct flight from jfk to pitt official jetblue terminal new york,neutral,neutral
they were very understanding and helped me out thx comps,positive,positive
i've been on hold for one hour and four minutes for your reservations line how can you possibly do business this way,negative,negative
you should really explain customer service to your gate agent for at c couldn't be bothered,negative,negative
you should really help out you are getting a ton of bad publicity right now willneverflywithyou,negative,negative
what's going on at i've been sitting at the gate for minutes,negative,negative
it's been a while since i've angry tweeted an airline apparently you read my mind before i could bitch thank you for the credit,positive,positive
thanks for ruining my wedding anniversary flight ua from ewr to rdu is delayed by over hours and will reach home the nxt day,negative,negative
would be great if i atleast was next to my husband who is flying in the same reservation,negative,positive
we've been waiting at the gate for hrs why are we now waiting to stow the luggage,negative,negative
sorry to hear about your flight do you need help reflight booking problems,neutral,neutral
are there any travel advisories for toronto on today i can't access anything regarding international travel on your website,negative,neutral
disappointed that my flight back to boston from pr was cancelled flightled rebooked the next day delayed that one too and no compensation,negative,negative
u guys suck,negative,negative
i just need to get to ric tonight i've been in ewr for hrs now,negative,negative
they wouldn't let me on real nice of you just love your awesome service and u have people working this customer service line,negative,negative
all good beers and oscars ar dia,positive,positive
does not fit in,negative,neutral
sitting on plane for hrs at gate due to computer sys issue at what point do you cancelled flight a flight ridiculous,negative,negative
can i get a free mimosa to compensate my flight delay yet again thx,negative,negative
flight have already been cancelled flightled once been trying to get home two days staff being very unhelpful,negative,negative
yes my flight was rebooked i'm just losing trust in you if i want to get anywhere on time,negative,negative
i have been rebooked for the am flight my questions is why do some people get hotel and the others don't like myself,negative,negative
that is not what your reservations desk just told me they said there were plenty of seats,negative,negative
got a text my flight was cancelled flightled now what do i do help please,negative,negative
checked in boardingpass w no checkin bagage guess i'm all set,neutral,negative
i like the inflight snacks i'm flying with you guys on jvmchat,positive,positive
can u help with flights to get a y old battling cancer who needs treatment in,neutral,neutral
even alternate options are allready full even with hotel voucher no more room in philly,negative,negative
he overflowed over the armrest and under with legs sprawled you should refund me i had no choice grossedout,negative,negative
bos to dca at pm,neutral,neutral
obviously,neutral,neutral
yikes,neutral,neutral
i want to enter the family pooling contest it says by on the website can i please enter still,neutral,neutral
you also promised to change my wife's name on the account and it is also not done wtf,negative,negative
you can't even get someone on the phone great story for the media,negative,negative
global first class lounge ord menu yummy,positive,neutral
hello it's been four hours since plane landed flt phx to jfk hrs on tarmac waiting gate plus an hour no bags yet,negative,negative
i would love for you to fly my best friend home to pvd for a weekend,positive,positive
denver international airport,positive,neutral
since you don't care about what happens to your passengers on your planes we will now be contacting the police dept,negative,negative
yes twice for two different flights and occasions,neutral,neutral
would love tix for velour show entered every contest and still haven't won,neutral,negative
i understand weather is not your fault but as a frequent flyer i expected better customer service i'll be trying,negative,negative
still thinking those pjs may have me sold we'd love to have you on board with us here i come,positive,positive
destinationdragons any tix to spare i wanna go see the show on friday in la with my friend,neutral,neutral
my flight was cancelled flighted and i'm needing some help reflight booking problems,negative,negative
to the rescue sundown in chicago next stop san antonio,neutral,neutral
i understand you are busy but i have still gotten no answer i need to get home and you guys have not helped at all,negative,negative
hr delay on flight to jfk via tampa worst customer service in san juan airport this after app not working all day,negative,negative
i'm game if you're buying,neutral,neutral
they arrived late flight but pilots got us to dia on time impressive outstanding greatservice allgood,positive,negative
had to pay a fare difference on a change but can't seem to find the receipt for it how can i get a copy for reimbursement,negative,neutral
sorry please ask inflght if there is an open seat you can move to will do,neutral,neutral
haha i did they said it wasn't their fault somehow you guys r a joke,negative,negative
i need help locating my bag i arrived in denver last night at midnight from charlotte but my am flight to hayden steamboat,negative,negative
can you dm me add me to the upgrade list for a flt tonight,neutral,neutral
icloud it is not there yet please help,negative,neutral
you guys cancelled flightled my flight for today and booked me for tomorrow so unfortunately i have rebooked thanks,negative,negative
so glad i've been waiting for hour and minutes and ive been transferred times without resolving anything worst service ever,negative,negative
i want to not sit on a plane from dca to lga for an hour and a half which is longer than my flight,negative,negative
hi my flight bna to lga was cancelled flighted this morning looks like other flights out of bna are taking off any chance,negative,neutral
need assistance getting an extension on a flight that has expired,neutral,neutral
we needed them here asap will they make it on today's flight,negative,neutral
got rebooked through the aa online app,neutral,neutral
great news for today finally columbus' top unserved market will have flights,positive,neutral
really enjoying my sunday on hold over hour perhaps a better client experience is needed,negative,negative
at what time all these passengers were sitting on a hot plane with no air and no communication for over hours just wrong,negative,negative
we saw one he was as useless as the tsa agents who inspected my shoes,negative,neutral
why am i still in baltimore is doing laps around us and laughing about it ridiculous,negative,negative
minutes means no public transit home and an expensive cab promises doesn't make up for it,negative,negative
c'mon now my flight's delayed annnnnd you can't give me a pick i'm about to tweet at or,negative,negative
flights out of dallas on tuesday are not going to be cancelled flightled correct,neutral,neutral
but every time i call i'm on hold for min and then get disconnected any way someone can help,negative,negative
no response to dm or email yet customer service,negative,negative
to think that i'm a priority member wonder how you treat the plebes i know which rewards card i'm cancelled flightling immediately,negative,negative
hey me and my family have questions on a trip to disney world that we are doing in april please follow me so i could dm you guys,neutral,neutral
why was my flight from miami to dallas monday rescheduled to tuesday,negative,negative
be responsible for replacing it,negative,neutral
you really need a better system for handling cancelled flightled flights,negative,negative
that's not an apology say it,negative,negative
can i bring a copy or photo of my baby's birth certificate for the flight i feel uncomfortable traveling with the real thing,neutral,neutral
should i be concerned that i am about to fly on a plane that needs to be delayed due to a tech stop,negative,negative
saved the day lost a costumer jetblue makingthingseasy feelbetter,positive,positive
you really need some customer service training for your unhappy ees in the morning in chicago gate k at chking her schd,negative,positive
flight is departing before we even board,negative,neutral
don't think you guys could mess things up any more never flying with you again,negative,negative
way to fuck up and lose bags my husband has no warm clothes and no equipment youdidit notcool,negative,negative
yeah they're somewhere hopefully getting them back today just frustrated tweeting,negative,negative
i had to switch airlines and eat the difference which was not insubstantial and cancelled flight all plans for sat sun,negative,negative
you cancelled flightled my flight without notification,negative,negative
we done it with truck no biggie,neutral,negative
working with lisa j at ord she's working hard for us but this is still very disappointing was on to ewr,negative,negative
flyingitforward pereira colombia to help the kids from cartago streets and deliver a lot of clothes that i have picked to donate,neutral,neutral
i guess it is more bs airportcardio given you cannot have an on time flight,negative,negative
please let those with nothing in overhead bins to exit first fly a lot and only bring purse tired of running for connection,negative,neutral
dmangen com,neutral,neutral
our fleet's on fleek wtf,neutral,neutral
i d suggest proper information dissemination to all staff on a more timely relevant schedule to prevent this in the future,neutral,positive
our fleet's on fleek lmfaooooo hook me up with a flight,neutral,neutral
its not just phl at btv today made to deplane because it's sunday and we don't know if maintenance will be available,negative,neutral
flight was scheduled for it's and we haven't moved i have never been on a flight where everyone moved without a sense,negative,negative
my brother his girlfriend s flight cancelled flightled times now leaving hours late flight and dropping letter grades at school help,negative,negative
u now have my gears grinding the jfk baggage office told me i need to bring the bag back right now if not they will close my claim,negative,negative
s o to for coming in clutch and finally taking me home,neutral,positive
what happened w from bos san my mother is onboard the crew was evasive as to why they had to return to bos the first time,negative,negative
this flight attendant was extremely helpful to a woman who had a hard time walking very touching,positive,positive
thank you for incredible customer svc from gate to flight mint experience is magic,positive,positive
also the problem is not calling us at all other airlines send an automatic call and email and they rebook as a courtesy,negative,negative
is your refund system down,neutral,negative
understood and i am sympathetic how do i get my back i shouldn't have to pay especially if you switched my flight,negative,negative
yup he said there would be flight change fee but the plane should be here in minutes apparently,neutral,negative
the engineer that designed the door frame to extend half a foot into the plane for seat a should be forced to always sit here,negative,negative
in the process of recovering their car rental condo rental in florida they called united for an alternate flight noanswer,negative,negative
southern hospitality luggage delivery service from sav is awful great delivering empty promises but not luggage hrs waiting,negative,negative
we are through i can quit you i am the nonsense lies are a colossal infringement you can no longer get away with,negative,negative
our flight aa is delayed out of providenciales and will be missing our connection aa in miami to sea who do we call,negative,negative
when's the next deal going to happen a poor college student is trying to fly to orlando instead of drive in august lol,neutral,neutral
i've tried ten times now last night and this morning how many times should i try have meetings to make tonight in atx,negative,negative
um we knew this storm was coming is why didn't useless air staff accordingly u idiots,negative,negative
what does tsa pre on my boarding pass mean,neutral,neutral
airways corporation nasdaq jblu reaches on new high range streetwise report,positive,neutral
is that a guarantee we'll see about that tomorrow morning when i have to fight for a seat,neutral,neutral
and also it's great that you tweet complainers but what about the in person help when i need it robyn f in manch useless,negative,negative
that's why i fly y'all that personalized service,positive,negative
yep that's correct i got an email at am that the flight was cancelled flightled doesn't matter now flight into atl is delayed thx,negative,negative
terrible service,negative,negative
can you please dm me i have a question for you,neutral,neutral
dm sent thank you,positive,positive
requiring customers to fill out all the contact information each time seems designed to prevent or limit interaction,negative,negative
thank you thank you thank you for contacting me thank you for the offer of a travel certificate unitedairlines,positive,positive
we're doing our best sitting at a gate waiting while not being given information why we're delayed isn't making this easy,negative,negative
hrs cncld flights late flightr i've landed in phl now mins counting on tarmac waiting for gate pls do better than this,negative,negative
can i request a ticket change through twitter,neutral,neutral
i was supposed to be on flight from charlotte to rdu pm yesterday is the same flight scheduled for departure tonight,neutral,negative
you denied a mom her am flight because she needed her breast pumping parts on a full flight please fix this asap freeflight,negative,negative
to start xweekly e flights from washington reagan to nantucket between jun sep avgeek,neutral,neutral
is struggling had me on hold for minutes kicked me back to the start then said they couldnt handle the amount of calls,negative,negative
i'm in denver my bag is in san jose see something wrong here,negative,negative
sure is what's more frustrating is being stranded at the airport with our fate in your hands,negative,negative
but just re booked to bos uggh now hour bus to wmass home could have flown to bdl back to dc in same time unitedairlines,negative,negative
it wasn't really about the delay it was more about being told the engine needed to be troubleshot makes a person paranoid,negative,negative
no i am fine to fly haha they come at random with the hemophilia but what if i need extra assistance,neutral,negative
btw not a weather delay we've had beautiful weather in sunny california nolove noexcuses cali,neutral,negative
im researching a flight noticed a small issue w class of service between your site other sites could reservations help me,neutral,negative
if that was the case why did your alert arrive so late flight four hour delay don't buy it,negative,negative
is it a temporary site glitch or are you no longer offering flights from grr to geg after feb can't find any online,neutral,neutral
although there was a hour delay every single staff member from the ticket desk to the admirals club in was as sweet as pie,positive,negative
trying to change flight via dfw tomorrow can't get thru on phone long wait then cut off x can you help please,negative,neutral
over the last week united has provided me with the worst customer service experience of my life disgusting united,negative,negative
fuk u us airways with yo shitty chicken salad sandwich that so overpriced and u fuking make me wait in a hr layover fuk u and,negative,negative
it's too bad ua has had another unforeseeable operational issue on my return flight,negative,negative
cancelled flightled my flight rescheduled to ewk gave me a pseudo voucher that directed me to the worst in existence fail,negative,negative
she met me from customer service at the arrival of flight ua pvd iad thanks you guys have really handled this storm,positive,positive
right now at tropic air in san pedro belize line out the door all due to elected appointed hacks,negative,negative
they miraculously fixed the plane kudos to shoe ever it was,positive,positive
i can dm it to you if you follow me,neutral,neutral
mco dca flight almost full of people screwed by the msy dca cancelled flightation and didn't cancelled flight swa mistake,negative,negative
thanks for the hour flight from pit to phx with zero entertainment guess why i have a quarter million miles on delta,negative,positive
been with my gf for yrs she's from sf i live in tulsa swa always takes me there to see my love southwestluvsweeps,positive,positive
this is for a check in luggage employee told me not to include wheels in the dimensions,neutral,negative
how oh how do we get tickets,neutral,neutral
sorry should have specified i meant ground traffic trying to get into the terminal,neutral,negative
i tried that you offered to charge me an additional k for a new ticket or be stranded until thurs st time last time,negative,negative
it's disgusting and unconscionable the treatment i've received tonight,negative,neutral
darn i bought it on the wrong device no way to switch i'm sure,negative,neutral
lots of fun to be removed from top of a list and manually readded to the bottom thanks to club agents thanks a lot asha at dca,negative,positive
easily the most ridiculous experience trying to spend money with your company,negative,negative
are you an incompetent airline every day or just days that end in 'y',negative,negative
if this is how your merger is going to go you fail huge probls w comm on dfw storm cxld rtrn flts not cool,negative,negative
unable to access the website will try again,negative,negative
thanks for letting me know of the hour delay and hours on hold,negative,negative
i tried again with your in flight wifi fail,negative,negative
she's the type of person that can make a customers day i fly times a year she's one of the top flight attendants i've had,positive,negative
so our flight into ord was delayed because of air force one but the last flight to sbn is at mins from now we just landed,negative,negative
do miles earned with explorer card count toward lifetime miles,neutral,neutral
you changed my aadvantage travel plans i called to get help but it sea ur too busy hangs up on me what gives,negative,negative
no still trying to get home,negative,negative
was hoping for a if possible for some frozen views along the way,neutral,neutral
you should really have that addressed somewhere on the website find that completely irritating am unable to take my flight now,negative,negative
fantastic thanks will try and tweet a photo of the view,positive,positive
it's very difficult to work with baggage claims when they don't answer the phone,negative,negative
who did this our fleet's on fleek,neutral,neutral
landed safely everything worked out,positive,positive
yes i want to complain your coworker was neither is there a customer service point airside,neutral,negative
only the jfk baggage office is open to help re book all of us on cancelled flightled flight to dca shameful,negative,negative
i just had a great experience with your customer service team thank you luvsw a list,positive,positive
we've now lost a whole day of our honeymoon very disappointed and frustrated with everything,negative,negative
there is no reference number your agent told me to just drive to the airport because i can't reach anyone there to deliver,negative,negative
thanks for offering this service guys,positive,positive
what is happening at reagan airport dca long lines and four people working checkin unhappy dca,negative,negative
how do i get off my plane and wait over an hour and a half to speak to someone about reflight booking problems,negative,negative
what a joke of a company today reminded me why i never book with you,negative,negative
is the worst worst reservation policies worst costumer service worst worst worst congrats you're not that bad,negative,negative
worst experience of all time will never ever ever travel with you again ever,negative,negative
just trying to book tickets to nyc and facing super fun broken styling don't worry i'll keep trying,negative,neutral
if i have credit from a flight i cancelled flightled does the new flt have to be booked by yr from orig purchase date or flown by that date,neutral,neutral
what does relay concerns really mean how why do u keep letting people on flights with bags larger than u state are allowabl,negative,negative
has the best pilots ever thank you guys for the great trip thatisall,positive,positive
how do i get thru on hold over hours,negative,negative
kudos to the rsw cs crew for re routing pax to alleviate over sale due to down graded eqp now,negative,positive
i've been on hold another hour and still nothing my cancelled flighted flight was supposed to be six hours from now stranded,negative,negative
sos where is my bag,negative,negative
definitely lots of announcements and the app is great,positive,positive
our fleet's on fleek c'mon fam just no ok,neutral,neutral
by far the worst airline in terms of service at jfk,negative,negative
thank you finally got our bag customer services reps were wonderful,positive,positive
i have run out of patience we are sitting in a bus without air in front of plane and there is no communication from anyone min,negative,negative
want to book a multi city fare have miles for of flights an option to pay for st flight with miles nd with ump visa thanks,neutral,neutral
welcome to our world that's a snow world today goose bay labrador canada,neutral,positive
any plans of restating nonstop service between iad and south florida we miss our flights to fll,neutral,neutral
customer relations line had busy signal too called the normal line and the service rep thought i was dumb for not knowing,negative,negative
hey i got a call saying our flight was rescheduled but i can't get through to anyone to see if you're providing a hotel for the,negative,negative
i am traveling from auh to iad via etihad and then from iad to dfw via aa will i be able to retrieve my checked bag in iad,neutral,neutral
this has been the worst trip with little to no customer service,negative,negative
well we're on our way now but more than half my tv channels are just static,negative,negative
your agent did not say,negative,negative
thanks for helping my mom after wouldn't let her get on her plane in orlando you're the best customerservice,positive,positive
flight let us off this plane please go to a gate this is absurd,negative,negative
flying with you in about weeks bringing blankets bc it's freezing,positive,positive
yes i filed a report in atlanta my bags are in charlotte nc hours late flightr and still can't find my luggage,negative,negative
by far the best example of the worst company,negative,positive
flight for tomorrow morning cancelled flighted can't seem to rebook me they can't even get me a seat no clear answer on why cancelled flighted,negative,negative
token goodwill voucher for passengers stuck on flight from phoenix today hour mark how about a per passenger,negative,negative
in other words sorry not sorry plenty of other airlines and i travel a lot,negative,negative
waiting on plane so long missed my connecting flight it left early that's the last flight out tonight help,negative,negative
this delay of flight ua has been painful i sure hope it doesn't cause me or my luggage to miss my ua flight to new delhi,negative,negative
buying early bird was pointless you moved me to a diff flight b c first one was delayed so i lost my boarding position,negative,negative
thx for the grand view today flt seatac to phx grandcanyon arizona wow love photography,positive,positive
what does cabin functionality mean when i'm taking a customer satisfaction survey,neutral,neutral
that link doesn't work on mobile,negative,neutral
so excited i was put on an earlier flight to get home woo hoo travel,positive,positive
thank you so much that helps a lot,positive,positive
usairways so my flight was late flight getting into charlotte so i miss my connector to phoenix thanks again last time i ever fly usair,negative,negative
is it true there's a new a livery and a new website,neutral,neutral
wife and i flew to italy recently bought tickets via finnair flights operated by usair didn't get dividend miles credited,negative,neutral
how can i get a flight change while in the air delays causing a missed connection again there is seat for late flightr,negative,negative
order,neutral,neutral
hours sorry don't get it oh well screw the weekend in az right eat the hotel no problem,negative,negative
so you jacked out my cousins trip to portland and then cancelled flightled her return trip no more united,negative,negative
unless it's on you guys im good,negative,positive
nearly hours late flightr and still no idea where it is i will never fly united again if i can help it,negative,negative
the flight turned around for mechanical reasons on never to fly united again as they don't check their planes properly,negative,negative
is there a number to call to modify reservation please help very frustrating with american and us air merger,negative,neutral
replacing with beer bravo cheers,positive,neutral
flight pilot spilled his tea on the radio yay for delays almost an hour now,negative,negative
my bags were checked through to cancelled flightled flight when will they arrive in mke not much help from grnd staff havoc in dfw,negative,negative
trying to go nashville to london and just have no idea when would be a good time to fly out of nashville right now,neutral,neutral
two delays a little proactive communication goes a long way howhardcanthatreallybe,negative,negative
empty seats open in st on aa no upgrades for a u s gold member would love consistent policies,negative,neutral
personal device entertainment system is great but with app crashing every mins i'm glad it's free for now,negative,positive
can you follow so i can dm you,neutral,neutral
i'm running out of money to keep paying for hotel rooms food in nyc you don't help people with spent,negative,negative
i will give you one thing you are consistent but unfortunately you are consistent at not doing your job well alwaysdelayedonunited,negative,negative
tried again lovely customer service thank you,positive,positive
no u guys suck i'll never fly with u again and ur supervisors suck too,negative,negative
that's not what i heard weather was fine this morning flight was circling for some time someone forgot to clean the runway,negative,negative
late flight again geez flt late flight delays typical,negative,negative
would love to respond to link but supervisor tore ticket up and refused to give me names and hid her badge from me,negative,negative
i have their name boarding pass was in there too i think they might really need this any ideas,neutral,neutral
my flight is cancelled flightled due to weather what next,negative,negative
i like the tv and interesting video just disappointed in cancelled flightled flight when other flights went out to jfk on saturday,negative,negative
you're killing me always delayed from sandiego to sf ugh,negative,negative
hour delay misplaced bag poor communication and the worse unsympathetic confrontational gate agent not cool,negative,negative
i will dm you now,neutral,neutral
will you be issuing a travel advisory for clt for thursday a significant snow storm is in the way wednesday night,neutral,neutral
not a happy customer we've waited patiently not to mention and six months of marathon training we need be there tmrw,negative,negative
pushing five hours and my time is worth nothing to you reflight booking problems not an option unfortunately,negative,negative
i am embarrassed for us air and their inability to manage during weather delays handling of is an example,negative,negative
wall separating in row safetyconcerns,neutral,neutral
lack of communication with other offices the customer yall never update ur systems u guys are established this mess,negative,negative
tsa pre isn't showing up on my boarding passes and i've followed all of the steps please help,negative,neutral
ever sit on hold and just lose track of time,negative,negative
do you have a waiver for ny weather today,neutral,neutral
brian at sfo customer service deserves a raise gave me extra meal voucher and a good joke to cheer me up after flight delay ftw,positive,negative
thanks good to be back safely see you again soon,positive,positive
instructions say to call i'm just doing what it said to do,negative,neutral
wth be honest with your customers this better be the last change or we are driving home has our plane left or not,negative,negative
please fix the very unproductive check in process at check in stations and people working them what a total mess,negative,negative
i was told i had a minute wait time after waiting hours and an hour has gone by this is ridiculous,negative,negative
can i use your luggage scale to measure our weight loss one scale for each foot home is not accurate anymore,negative,negative
not very helpful if my flight is already cancelled flightled what about reflight booking problems aa has my email and cell yet no notifications,negative,negative
would be helpful if you could refresh boarding time info on boarding passes for delayed flights,negative,negative
just wow regina just told me i can't file or request a lost bag statement until i finish my travel so until i get to dc argg,negative,negative
why is there no contact email for customer complaints,negative,negative
customer service sucks they hang up after waiting an hour and talking for minutes,negative,negative
i luv y'all but please stop overheating your planes second flight in a row that feels like a sauna,negative,negative
you are despicable the flight plan was lost now we've been sitting on the tarmac for an hour its a min flight,negative,negative
maybe have a supervisor find out why the international checkin at ftl hasn't moved in minutes yet employees picked up pizza,negative,negative
i tried we were hung up on twice after speaking with someone then put on hold for minutes no resolution,neutral,negative
my hubby has a hr layover in dfw fm the cxl'd flt pls help get him home sooner if you can any room on s by bwi or phl today,neutral,neutral
designed to deter people from forgetting things or to provide more storage space the article says the latter unfriendlyskies,negative,neutral
flight passengers stuck on plane in philly where is the gangway we can't hear the pilot,negative,negative
sorry to spam it would just be so awesome to see in vegas your help would be absolutely amazing,positive,positive
usually sorry doesn't involve moving people to middle seats and removing them from upgrade lists guess that's a club perk,negative,negative
ok makes no sense tho since you'll give me a free upgrade to first,negative,positive
no flights out of philly because of system wide tech issue,negative,negative
the departure time keeps getting late flightr i'll be lucky if i'm home by am,negative,negative
should i be nervous about a sunday am flight baltimore to boston any suggestions on what i can do need to be in boston by monday,neutral,neutral
flight attendants on aa were spectacular fed the entire cabin then food from coach why do you keep serving this vile food,negative,negative
hold time to book award travel from gold status hours and counting days of calling usairwaysfail,negative,negative
forgetting to fuel up realizing there was more cargo to add to plane one way to try and mask a delay,negative,negative
yes please my son lives in nj,neutral,positive
i bought a plane ticket months ago and still haven't received my flight info and ticket in my email when it will come,negative,negative
ah wish i was there good luck,neutral,positive
i shouldn't have to find them they should tell us i've flown jet blue since your first month the experience isn't what it was,negative,negative
what will be is a what may be what is sucks fail,negative,neutral
is there any way to get entry to the las vegas event to see perform destinationdragons,neutral,neutral
what's up three delays so far resulting in over three hours of unnecessary extra waiting,negative,negative
just make sure they remember to load the bags onto the plane they cancelled flight the flight when they forget,negative,negative
she's standing here on her cell no announcements no info thismosaicnothappy,negative,negative
hi my flight from cun ewr shows a departure of pm on my united app can you confirm doesn't look correct thanks,neutral,neutral
gives positive outlook but sees increased competition,neutral,neutral
tell me something i don't know not keepingit weaktea,negative,neutral
had a horrible experience flying from montego bay to philadelphia on check a golf bag constant selling in flight,negative,negative
i bougth ticket same fligths twice and you dont refund money it is big problem other company refund money why dont u pay back,negative,negative
swa agent jacquie plitt sna rudely tells me you're not going cabo today or manana back phx flew,negative,negative
so glad u guys do business w more class than ur competitors,positive,neutral
's in flight promo on their tv's includes brian williams tough to edit that quickly not a complaint just an observation,neutral,negative
can you answer the phone so i can change my flight plans srsly,negative,neutral
you suck and you ruined my day and my vacation isn't even until june,negative,negative
why is it so hard to add in meal preferences after i booked tickets i forgot to do it it's now impossible i even called,negative,negative
you're missin the point there was no weather you're lying seats was broken but u claim weather to get out of hotels classy,negative,negative
should i check in my awesome bag on my flight or carry it on decisions,neutral,neutral
worst flying experiences ever the past three days your airline needs to get it together lost a customer with me,negative,negative
i was protected on that flight by gate agent kerry at las she also did an excellent job getting me to my destination today thanks,positive,positive
i fly swa a lot always purchase eb and never past a rethinking the swa process very misleading,negative,positive
any way to get your call center to answer for a oneworld award whenever try system says too busy and disconnect or endless hold,negative,negative
twitter cust svc rule dont say if we fell short i just told u u did if u cant solve problem don't say anything at all,negative,negative
you didn't respond to my dm you tweeted the same canned tweet you're telling everyone else,negative,negative
please don't trivialize me this is a joke not a slow day or slow experience,negative,negative
with the free wifi impressive flyfi,positive,positive
landed in den on time stuck waiting for gate for min maybe an update would be a good idea capt,negative,negative
cancelled flightled my direct flight newark brussels last night now hours behind schedule in eu compensation would be a given but in us,negative,negative
what link those are all the email offers u sent me in a year to buy transfer miles the last just expired,negative,neutral
early last month via expedia there's an extra middle name and initial attached to my last name,neutral,neutral
there is only one club at lax in terminal across from gate,neutral,neutral
anything for you flyfi,positive,positive
aa now that the airplane has been sitting here for over hrs there are mechanical problems btw the aa desk is unorganized,negative,negative
just landed might want to check flight plane from houston that sound was during takeoff landing,negative,neutral
checking tracing information you got numbers wrong in my phone number how did a turquoise duffle bag become a black laptop bag,negative,neutral
flight lax iad back rows not cleaned prior to boarding how gross is that to find used tissues in your seat please,negative,neutral
that's what i thought thanks for the clarification,neutral,positive
arrived in yyz to take our flight to taiwan reservation missing our ticket numbers slow agent sukhdeep caused us to miss our flt,negative,negative
why did you book my hotel twice ahhhhh,negative,negative
is moving the plane to the end of the runway for us to sit on it for an hour and a half they didn't even let us off,negative,negative
yes when i landed,neutral,neutral
finally about to take off thanks for the customer service by the g reps c ctl any idea what caused the system failure,negative,negative
it would be great to get a callback from the agent that disconnected me trying to put me on hold after waiting to connectfor min,negative,negative
another great trip lax las bna thanks so much,positive,positive
injured at check in yesterday u told me to go to dr on hold with swa for over hour trying to talk with someone suggestions,negative,negative
flight to bos cancelled flightled no flights till tuesday spent to get a flight through another airline for hotel refund,negative,negative
after days flight cancelled flightled another delay for hours united gave me a food voucher that's how much they value my time,negative,negative
what's the seat assignment policy why let us choose a seat only to change it on us two weeks late flightr,negative,negative
i will thank you,positive,positive
great i'm guessing you were late flight to open service is horrible you're overcharging and don't care that everyone is miserable,negative,negative
check out our st grader's school science fair project she loves flying on southwest airlines,neutral,neutral
we'll drop off your luggage hours after your flight is ridiculous,negative,negative
how does one downgrade a flight,neutral,neutral
your service is horrible i can't get a straight answer from your ground agents,negative,negative
at lax just got off the phone w reservations every flight that'd get me to bos before am tmrw is apparently unavailable,neutral,negative
i tried to check in but they redirect me to call in to which i also can't get into contact with,negative,negative
check your bag bag handlers broke into my suitcase and stole my camera bag was returned in a trash bag,negative,negative
home is calgary can you get us there without the added expense of accommodations and meals,neutral,negative
you might be dealing with frustrated passenegers hope you all have a great day thank you very much for an amazing airline,positive,positive
big thanks to yvonne anthony from the chairman's desk top tier customer service today outstanding service support,positive,positive
hour delay nothing says sorry like a voucher missing time with family family precioustime,negative,negative
thank you for the response much appreciated,positive,positive
eh it happens i think i'll survive thanks,neutral,positive
but at least your automated message gives me info about your merger w another airline i know to avoid,negative,negative
this is the reason i avoid and like the plague glad to see this merger is working well dumb,negative,positive
is the worst airline i ve ever flown on you guys have treated me like garbage today,negative,negative
boarded flight at am now still sitting on runway lots o fun,negative,negative
a landing in february of avgeek warmweather,neutral,neutral
why are you charging people to see the freaking flight map,negative,negative
yes party is over,neutral,neutral
is this ringling brothers barnum and bailey should i keep my eyes peeled for the clown car,negative,negative
do you think there will problems at newark nj on saturday due to expected snow,neutral,neutral
well lucky i only fly jb i guess i would be even more squished on any other airline,positive,positive
will there a non stop flight from midway to boise for this summer season looking to book at labor day trip ty,neutral,neutral
when will there be wifi on the dca stl route hour flight could use some love,negative,neutral
i fell asleep from a call i placed midght guess what still on hold am,negative,negative
can you tell me what the policy is for preboarding with small children is that still a thing,negative,neutral
i have items of sentimental value that i'm heartbroken are missing,negative,negative
you have let me down seriously unhappycustomer,negative,negative
so you're going to make me wait that long on the phone line when you can help me that's part of the problem,negative,negative
went to front restroom on plane on sink sign that said no water use hand sanitizer first time i've ever seen that gross,negative,negative
awesome flight crew on ua re the plane the jurassic period called and they want their dinosaur plane back,negative,positive
wont waive fees for flight cancelled flightlation due to neptune to use credit fee couldnt reach destination notmyfault,negative,negative
u blow,neutral,neutral
seriously four delays only takes minutes to get to vegas from i have a connecting flight ridiculous,negative,negative
awesome i flew yall sat morning any way we can correct my bill,positive,neutral
you guys get rid of the hip hop stations on sirius xm,neutral,positive
add insult to injury you guys misplaced my bag can't believe you have to pay money to be treated this poorly,negative,negative
you changed my entire flight plan for vacation and now i will be there alone a day and night early with nowhere to stay help,negative,negative
what else on this plane is duct taped ohboy shouldigetoutandpush airplane flying,negative,neutral
thnkx bt dont help now we will need to go way out of our way to get where we need to be for the u charge this sux neveragain,negative,negative
do you have an email,neutral,neutral
thanks so i'll like to get the new tail n jb n jb boston red sox livery so i can share with talk but send them only on weekends,neutral,positive
bags are still in houston since friday and still have not been reimbursed the baggage fee,negative,negative
ouch not fair,negative,negative
hours on hold got rebooked on a new flight yesterday i asked for a new itinerary confirmation email to be sent,negative,negative
hey think someone could meet me with my book when i arrive at at it's yes please amypoehler oscar took it,neutral,neutral
it's kinda funny no worries,positive,neutral
if you want to fly in a storm that's your right but give us the choice we have kids and don't want to chance it nixchangefees,negative,negative
first time flying virgin went to sanfrancisco thanks for the smooth ride easily my new fav airline,positive,positive
sandra at ur international checkin counter was rude and offensive she commented she didn't care if i complained cuz she had yrs,negative,negative
my wife is trying to check in for a flight tonight out of rsw website not allowing saying must go to airport part of,negative,negative
flyfi thank you seattle and udub here we come,positive,positive
this is dating back to nov i have been sent back and forth between you and it's a disgrace,negative,negative
flight been sitting gate for min w door open since we arrived still no jet bridge can someone help,negative,negative
ah so that's where the funds to fix the broken plane upon which i sat for hrs on iah runway went,negative,negative
that's great thank you,positive,positive
how do you get one,neutral,neutral
flight n an departs enroute to,neutral,neutral
on time today and from phl nice work thereisafirstforeverything,positive,positive
what's wrong with the plane flt,negative,neutral
i am following you now,neutral,neutral
v upset with your disability services when i told one of your employees i was carrying medical equipment she was very rude,negative,negative
is the new time confirmed or it may get cancelled flightled traveling with kids need to be certain thx,neutral,neutral
seriously would pay a flight for seats that didn't have this playing it's really the only bad thing about flying va,negative,negative
now this is beyond ridiculous some steering problem delays us again neveragain it's no wonder you had to sell,negative,negative
soooo are you guys going to leave the seatbelt light on all flight you can barely call this turbulence,negative,negative
i've applied more then once to be a member of the inflight crew team im interested flightattendant dreampath g,positive,neutral
yes but still now answers many have not had their luggage for days unacceptable,negative,negative
cancelled flighted my mileage plus award reservation g c same day have yet to see my miles back despite agent confirmation,negative,negative
my request has nothing to do with rescheduling but customer service has such a bad attitude today badservice,negative,negative
i wonder if sharing all this on fb and insta would produce a number characters really limits my story telling,negative,neutral
aha ok thanks was worried there might not be a seat at all will do it at the airport tomorrow then,positive,neutral
here we go again delayed in chicago why offer the flight if you never intend to fly it,negative,negative
could you please send me a phone to the refunds department we have submitted our claim through email without success,negative,negative
did you cancelled flight all flights into bna today needtogethome,negative,neutral
well here we go,positive,positive
everyone its been weeks those dickheads aa hadn't contacted me they lost my checked bag carryon and haven't offer to pay,negative,negative
res went under her maiden name married no docs with maiden name hence problem,neutral,neutral
it isnt simple issue generally how you set up check in baggage policies at logan and general unhelpfulness of employees in early am,negative,negative
or you could send me a dm,neutral,neutral
that's cool now what,negative,positive
thank you you have always been so good to me i will follow up,positive,positive
we appreciate auto rescheduling our cancelled flightled flight but you have nothing sooner than tuesday can fly into alternate loc,negative,negative
are you going to be giving travel agent rates to those who hold an iata card,neutral,negative
i like delays less than you because i'm the one on the plane connect me with a voucher,negative,negative
trying to get a partner pnr and have spent more than hour on hold i know its snowing somewhere but this is awful,negative,negative
nothing apparently i've flown w you times in last weeks and of those experiences incl today were clusterfucks,negative,negative
thanks for letting me sleep at dia to ensure you ruin as much of my vacation as possible wait no fuck you unitedairlinessucks,negative,negative
flt departure time has changed five times in the last minutes why don't you figure out a solution and announce once,negative,negative
maybe find a different gate ua,negative,negative
can't check in your site looks like this every time it loads,negative,negative
how is it that my flt to ewr was cancelled flightled yet flts to nyc from usairways are still flying,negative,negative
thank you for the jetblue credit nice save,positive,positive
but you're not sorry enough to compensate for either the extended time or cost difference to an alternate direct flight right,negative,negative
omg thank u,positive,positive
can't wait i'll be the one who can't contain herself,positive,neutral
ma'am if you have a complaint you should visit our customer service desk sees line people deep,negative,negative
another perfect flight how come on your planes the sun visors can stay down other carriers make you raise them,positive,negative
hi does my upcoming flight from west palm to hpn have fly fi,neutral,neutral
worst agents in us at ft lauderdale airport passengers stand in line getting status alerts still didn't make an announcement,negative,negative
flight scheduled for pm told at am that flight is cancelled flightled after sitting on cold plane for hours,negative,negative
made me remove pound from my checked bag otherwise they would charge me loyal flier for years time for change,negative,negative
you have said the same thing to me over and over again but phrased differently how about some actual help,negative,negative
just flew to telaviv paid from a third suitcase which didn't even make it on the plane besides for the impolite service,negative,negative
and they cancelled flighted my flight and left me with no help to find a hotel to stay in i slept in an airport for a night,negative,negative
unitedairlines wont wait min for fam w yr old connecting flight leaves early instead for airport that is planes last stop today,neutral,negative
i dm'd you anything you can do,negative,neutral
your staff at jfk airport are discussing the way we we're left stranded,negative,negative
never had a bad experience before but this one took the cake now extortion for carry on items as well,negative,negative
any idea what's up with flight aa,negative,neutral
is my favorite airline,positive,positive
flight departs am finally arrived jfk with no psgrs at pm that's a long flight aka bus,negative,negative
grand total from landing to getting bag one hour that's very sad,negative,negative
even responded quicker via twitter when they fail still on hold hoping no one books the flight fail,negative,negative
now the second flight i was put on was cancelled flightled with no explanation missed my first meeting outraged,negative,negative
look at that the flight i have been trying to book for days is gone i guess someone got through thanks keep up the failing,negative,negative
please help us get home tomorrow,neutral,neutral
ok she is worried that something is wrong with the flight and should she consider flying earlier,neutral,neutral
express my disappointment in your reservation department and the treatment of a sailor dealing with a death in the family,negative,negative
awww r to the t realtime appreciation from jetblue rockingthetweets jvmchat,positive,positive
we want room and food allowances agents are refusing to give us vouchers to use at rooms we book ourselves,negative,negative
is helping me step up my game tindertips tinderchamp,neutral,negative
you guys are just being disrespectful at this point learned my lesson about this airline,negative,negative
it's still a valid flight just seems strange to delay for late flight inbound crew hours from now when the plane is already here,negative,negative
a year old can't sit alone on a flight this is absurd and this guy is a dick jetblue,negative,negative
best seat on a e to board early ready set go,positive,positive
i will keep on tweeting until your ceo answers and personally apologizes to my wife and the passengers of flight just wrong,negative,negative
thx make it right help meagan fouty brancato fl dfw gate preboard w kids b group a please please,positive,neutral
how is it that the airport dca and the airline mess up our flights but also will not cover our hotel costs at dca for hrs,negative,negative
ua is a coshared flight w ana unable to check in hrs prior,negative,negative
that's what i tried to do but when entering email into nd device made email typo no way to fix it no option to log out in,negative,negative
u cancelled flighted my flight from iad to jax was supposed to use plane from bna but u used that plane for another destination instead,negative,negative
according to your dms i'm not owed a refund please may i be provided with a contact number before i go to my bank to file claim,negative,negative
is there something wrong with the website no matter what flight i select it says it's no longer available,negative,negative
are you kidding me bad customer service folks flew from psp to phx flight on cont,negative,negative
for my travel i see bz class and get away are sld out anytime is available how do i know how many anytime are available,neutral,neutral
still waiting on your reps to show now mins into waiting in below freezing weather waiting for a cab,negative,negative
what do i push to rebook with that number,negative,neutral
can you tell me which days you fly direct buf fll and fll buf,neutral,negative
we made it safe and sound thank you for the safe travels,positive,positive
how can we get refund instead of credit for flight that you cancelled flightled we couldn't switch to a flight tomorrow,neutral,negative
st leg of my flight nyc tomorrow has been cancelled flightled if you make me hold for hrs i may miss my only chance back home,negative,negative
when trying to check in online it says to call now i've been on hold for hours what to do,negative,negative
lol i was sure i'd wake up to more of a response than this half thought auto tweet hope you made it out,negative,positive
is flight cancelled flighted or not no word from the ground staff,negative,negative
understanding the situation we waited and it was opened until pm,negative,negative
done and done best airline around hands down,positive,positive
long mait repair wait at gate capt said paperwork formality forced to check bag rudely returning cc reader doesn't work,negative,negative
any options to cos tonight doesn't look like ua will make it in time for ua should i reserve a hotel room,negative,neutral
can't book a flight online or over the phone your customer service is usually great anything you can do to help,negative,negative
cabin pressurization issues are pretty serious flight landed in washington because of it my head is pounding,negative,negative
thank you but it is sad that she couldn't talk a real person kept getting disconnected by an automated msg,negative,negative
changing my flights with no explanations and still don't have a confirmation so disappointed in the service,negative,negative
no claim number haven't been back to iad baggage since is there a phone i can call to speak to someone,negative,negative
minutes plus to get through to a two after the first one transferred me to a spanish hotline is unacceptable,negative,negative
it's ok i forgive you guys,negative,positive
thank you i like the quick response on twitter,positive,positive
thank you any help is appreciated,positive,positive
hour cross country morning flight and you have no food badservice,negative,negative
i did twice got a letter back saying that your company doesn't issue refunds for phone bills help phone will be shut off,negative,negative
thanks for letting us know hoping for no more delays,positive,negative
customer svc worse than the winterweather flight cancelled flighted website malfunction on hold for,negative,negative
had a potentially stressful situation in reflight booking problems a flight which she diffused and helped make awesome,negative,positive
thank you my second flight i already got bumped up to st love it,positive,positive
husband and i ordered three drinks via my screen and they never came awesome,negative,negative
thank you have a nice evening,positive,positive
and a husband,neutral,neutral
after my second call to customer service and the fifth person i talked to an amazing rep fixed it in about mins persistence,positive,negative
why are there no early morning flights from hnl to anywhere in the continental us example monday need flight to phl,neutral,neutral
got a callback at am took care of it thanks,neutral,positive
great well deserved,positive,positive
hi booked a flight yesterday and received an email w confirmation number but today i got this error no active flight segments,neutral,neutral
or how about next time my bag is underweight you guys credit me or how about i take my business to an airline that cares,negative,negative
just filled it out hope someone responds before we book our next trip,negative,neutral
well but for now the only thng we can do is wait for someone to explain us the situation with responsibility,negative,negative
i'm on into dallas do i have any chance of catching to boston do i need to run from gate d to a,neutral,neutral
i'm so upset that my luggage was damaged and the rude employee at the laguardia airport didn't help,negative,negative
flight it's been delayed every hour since am,negative,negative
hrs of traveling and this just welcomes u back home to the us hr layover and i get to watch it going to wrong destination,negative,negative
horrible travel day w your airlines my flight to birmingham was cancelled flightled w no notification so i couldn't get on the,negative,negative
are there any upgrades avail to get us all on the same flight,neutral,neutral
i've had no shampoo no winter coat no deodorant no flatiron and the rest if my stuff since sat,negative,negative
what is the status of the bag check area at ffl,neutral,neutral
would you guys please send service agents to gate b in philly all the people missed there connections and there's only,negative,negative
i just wanna say you're incredible for sending people to see their idols sooooo kind and amazing destinationdragons,positive,positive
when can we expect customer service in dallas to be available,neutral,negative
you can do better than this and you can do better for me and all the passengers flight jfk to pwm,negative,negative
claimed my flight cancelled flighted because phl runway not good but delta flight at same exact time is taking off on time,negative,negative
thanks but the bags are only of what went wrong hours from dca to san when there were no weather issues is not acceptable,negative,negative
nd time flying jetblue this year and my armrest tv controller doesn't work agian and that's the main reason i fly jetblue,negative,positive
for example can't pay hotel food or transport to alternate city we are flying from or give clear record of alt flight,negative,neutral
we followed the baggage rules on your website and was still charges but only going one way,negative,negative
so i don't know confirmation number or the names of the flight attendants and supervisor,neutral,neutral
app still saying i can't dm you,negative,neutral
seriously pls pls bring more people up to help us there are still flights to ord frm dfw and i want in,negative,neutral
what a great way to kick someone when they are down cancelled flight a noon flight and rebook me on one two hours south from here tomorrow,negative,negative
was forced to book a flight on a different date than originally planned for a higher price felt like a bait and switch tactic,negative,negative
just disappointed with the flight booking problems process and add l fees to sit together on a more crowded flight not impressed so far,neutral,negative
in horrible customer service empty seats in early flight wantcharge me double to get home early instead the usual late flight,negative,negative
err hour wait time for the exec plat line,negative,negative
why can't you hire a staff that is helpful informed and nice to it's customers,negative,negative
that's horse radish,negative,negative
i will try that thanks if all else fails i will just do the old fashioned method tomorrow morning,positive,neutral
why not we'd sure love to see you ruth justdoit youknowyouwantto you know me too well,positive,positive
pretty upset i drove from philly to mhtt still no info on my bags what's the deal,negative,negative
i just asked my boyfriend to prom over the loudspeaker on flight he said yes best day ever thank u so much,positive,positive
thank you for compensating us for our lost bags we will fly with you again unitedairlines,positive,positive
is your website ever coming back online,neutral,negative
flight out of jfk hr delay i could get over it if it was just weather relate flightd but considering it's not come on,negative,negative
the captain turned off the seat belt sign so people can get up and walk around that's not good,negative,negative
should hire extra customer service reps minute wait time to ask one question i would rather just fly another airline thanks,negative,negative
the long wait was the icing on the cake why don't you fix your reservation system so the confirm doesn't get changed mid travel,negative,negative
still waiting news about my bags hrs already happened and this company don't give to the passengers any certain information,negative,negative
perfect thank you,positive,positive
been good yr friendly skies relationship day agent told me i'm only canadian and thus not good enough for military preboard,negative,negative
two cancelled flightled lga flights both by took off looks like i have a new carrier,negative,neutral
um no just hanging out what s new w you,neutral,negative
love the new planes for the jfk lax run maybe one day i will be on one where the amenities all function nocharge ever,positive,positive
why won't you help me get my luggage back i'm a teen trying to change the world in dc flight usairways,negative,negative
i already let them know and sent complaints got a call back finally when i was asleep and there is no return call back,negative,negative
has the worst customer service line i've called them times today and not once was i able to talk to a real human being,negative,negative
yes they are working on it hoping bag is on the next flight and will deliver home,negative,neutral
flight was out of ewr stop at dallas then to la i need to be in la tonight,negative,neutral
i've been trying to call your reservations desk for past hours and can't get through this is not what i expected,negative,negative
yes but we were answered and put back on hold while they were to check on our request mins late flightr nothing,negative,negative
his name is rett cavan he has a gofundme page and is going to take his last breath tonight this airline only cares about money,negative,negative
sorry i accidentally populate flightd with you instead of can't wait 'til u are the only u in the sky newamericanstinks,neutral,positive
platinum flyer bought tkt in aa also both accounts are linked so why can't i check in for flight tomorrow,negative,neutral
had a great flight to orlando from hartford a few weeks ago was great to get out on time and arrive early,positive,positive
your csr in phl suck flt gets cx'd i get rebooked to the next day on standby for not hopeful,negative,negative
southwest airline is the way to go,positive,positive
only water on flight to dca this is the first time i've ever seen this happen executiveplatinummeansnothing iwantcoffee,negative,negative
are we able to change to an even more space seat after we've checked in online have a flight tmrw and can't seem to change my seat,neutral,negative
we can't help you we don't put people up in hotels when you miss a flight it's against policy,negative,negative
i'm currently missing a basketball game due to your lost bag policy terribleservice wheresmyrefund,negative,negative
still no update text still no response to email fr sr feel like yr losing customer service care,negative,negative
i've been on hold for hrs now waiting to talk to someone with a pulse to get my cancelled flighted flight rescheduled is this sop,negative,negative
or us air,neutral,neutral
you know it need it on my spotify stat guiltypleasures,positive,neutral
nope not yet,negative,neutral
paid for in flight wifi from austin to san diego wasn't useable possible to get a refund conf x xvm,negative,neutral
wants customs at long beach airport for future international flights by cc,neutral,neutral
any spare tickets for vegas would be forever grateful destinationdragons,neutral,neutral
makes flying for fun flight crew just led the plane in singing happy birthday to one of our guys luvintheair,positive,positive
how can a person go from number one on a standby list to number twelve in three hours should i be super platinum diamond status,negative,neutral
miserable trip lost bag sat found mon lost again shipping nd day ground tues might have it for return flight home,negative,negative
thx for responding i cant watch mins of this film w out it cutting in and out prolonged prds of time beyond frustrating,negative,positive
hi how are you,neutral,neutral
retrain in customer service first make proper adjustments when cancelled flightling flights own up to your mistakes,negative,negative
thanks so much my passport was recovered,positive,positive
we've been sitting at the gate for two hours waiting for bags to be loaded i'm telling herb,negative,negative
i appreciate the immediate offer but suspect it is more long term issue not simple fix also ski bootbag policy is awkward at best,negative,negative
flight veers off icy runway at most dfw flights cancelled flighted monday flightaware says,negative,neutral
she did she's still waiting on a callback the lack of follow through is what's concerning smh,negative,negative
what is going on with the flight it has been delay a lot,negative,negative
please acknowledge attendant jeff wernicke beat in class and service on sw,positive,positive
your blue helped bring out the color of my eyes and i promise i didn't eat all the free snacks,positive,positive
help me united i paid for economy plus on a flight that was changed bc of delay will i be automatically refunded,negative,negative
plz plz plz hold to eyw the phl clt is sooo late flight gonna miss the connection for 's th gth,negative,negative
can you give me an update on flight mco jfk they're saying mechanical issues but will not disclose what they are,negative,negative
thanks for getting back to me how frequently are these weather advisories updated throughout the day,neutral,positive
we've already made other arrangements ourselves,neutral,neutral
this is exactly why ill be flying aa from to dallas only airline i trust,positive,negative
need to change div miles ticket after travel started due to weather advisory told not possible unless flight cancelled flightled anyhelp,negative,negative
i get sunday due to weather and ok monday they're busy but this is crazy,negative,negative
paid for a choice seat my choice is to not have big man next to me in my seat too oldseatnocushion worstflight nohelponboard,negative,negative
to my legal last name so it's not technically a name change i just used the wrong name,neutral,neutral
what's the best number to use,neutral,neutral
sure thank you,positive,positive
will my luggage be on that flight no y not bc ur on that flight n it won't end up where ur goin,negative,negative
rapid rewards program sold me short lasttweetaboutthis but still disappointed,negative,neutral
no changes made my son's pass printed on same conf just mine not print after i expressed disapptment w jetblue,negative,negative
i've been sitting in the charlotte airport for hours waited for crew and now maintenance neveragain,negative,negative
apparently the pilot had made some announcement about engine trouble and losing fuel too quickly,negative,neutral
look at the twitter history as usual service non existent,negative,negative
my wife had flight changes due to weather now she cant checkin to her return flight and it fails is it possible usair cancelled flightled,negative,negative
i need someone from management to contact me i was flying to a funeral won't make it now to add to my pain they want me pay,negative,neutral
barzegar charges tourists euros a night for their stay in the tent village he runs,neutral,positive
i need to speak with a live person i've had it with the recordings i was told on sat that we'd have our luggage by yest,negative,negative
i am on attempt and hour of calling and being put on hold not feeling confident that i will ever get through,negative,negative
i now learned that customer service at sxm works for the airport not jetblue they need a supervisor to do anything,negative,negative
handled on the phone unfortunately it wiped out an entire trip which is why i'm so displeased,negative,negative
report was filed but would like to support some active searching feels pretty passive now info on computer is precious,negative,negative
allright last question the power outlets on my flight are available in the premium cabin does that include economy plus cabin,neutral,neutral
could u put one here in baltimore,neutral,neutral
nope done was supposed to get home at pm and didn't get home until midnight neveragain,negative,negative
conference begins in hours up all night due to delays and still waiting to talk to someone about lost luggage,negative,negative
do you know that your lost baggage portal doesn't work on mobile it's a,negative,negative
dca to nantucket washington business journal,neutral,neutral
woohoo that just made my day i looked and just couldn't find that thank you,positive,positive
left gate minutes early my thoughts that doesn't count if you sit on the tarmac for a half hour comeonpeople,negative,negative
thank you hopefully it's soon we are supposed to leave at,negative,positive
so not only were you late flight you broke my luggage handle you paying for a new one,negative,negative
ticket h biz trvl no wifi missed con flt next one h missed meeting food voucher hotel chkout flt no wifihotel,negative,negative
and they were traveling as guests of a mileage plus member using that members miles great customer service,positive,negative
this inflight wifi is the absolute worst i'd be willing to have paid double for dialup speeds flight,negative,negative
ice which i totally understand but when a large number of us are facing hours of time and overnight cancelled flightations it seems like,negative,negative
your android wi fi experience is terrible is a ripoff i can't get to or mrn for budweiserduels,negative,negative
excited that i'll be flying from syracuse to interview in dallas on friday for the fa position this is a goal dream of mine,positive,positive
i did and then she made me feel guilty because it was economy plus and i didn't pay for the extra leg room,negative,negative
of urgency but this is ridiculous your ceo claims to be customer focused yet when delays happen planes sit and customers are,negative,negative
no don't leave me,neutral,negative
does doesn't,negative,neutral
allows other passengers harass u after their gate agents mistakefurious they are doing nothing about it my yo was scared,negative,negative
awesome bestairlineever,positive,positive
a generic form with tons of fields asking for info you already expected more as a premier platinum another servicefail,negative,negative
houston gate customer service needs to treat people with respect there are hardly people waiting chillpill usairwaysfail,negative,negative
got it thanks any insight into what will happen tomorrow,neutral,neutral
we had a wonderful flight attendant named leah that was with us from lga to den then den to anchorage,positive,positive
too much info to share via tweet please send me your name and contact info happy to supply you with images and cs rep names,negative,positive
my sil bought tix for us to nyc we were told at the gate that her cc was declined supervisor accused us of illegal activity,negative,negative
the in browser hover over is intrusive and annoying and the fact that the wifi only works on one device is sort of sad,negative,negative
web app won't let me upgrade seats call center wait time is minutes plus just want to get more legroom but it's a pita,negative,negative
i have been on hold for over hours please help,negative,negative
they weren't on any flight they just came late flight your jetblue employee just informed us,negative,negative
can you link the article where it says the routes and what times the routes are likely to be like tul dal pm none,neutral,neutral
glad to see you know how to keep the money in your own pockets 'thanks' for the voucher in return for lost bag,negative,positive
customer service is the worst hanging up on customers intentionally after one hour on hold,negative,negative
darn it first in line for no upgrade wish i understood the policy,neutral,negative
compensate us for new clothes bet you won't,negative,negative
attendants at the gate enjoyed watching the other flight to our destination take off before having a horrible attendant give us,negative,negative
tbt every day,positive,negative
not an issue but i think training information would help great ppl but service needs to switch from individual to group better,negative,negative
i can't find any late flight evening flights are there other airports that would have an overnight flight,negative,negative
any idea when november december travel opens up,neutral,neutral
thanks travis at phl a east checkin for knowing baggage policies skis boots count as teach your mgr who didn't know,positive,positive
are you telling me that you are now cancelled flighting my flight,negative,negative
now you change my gate and don't tell me what the fuck is wrong with you people learn to do your fucken job,negative,negative
answered my options are a refund or a resched for monday i'd miss work so i'm paying hundreds for a flight tmw,negative,neutral
we are on two more flights today let's hope the kit does not get the same treatment,negative,neutral
your customer service is crap,negative,negative
if you are going to be inconsistent enforcing your rules i'd prefer you not randomly take it out on freq flyers that obey,negative,negative
i know your policy just asking for a little kindness due to extenuating circumstances,negative,neutral
does virgin america fly direct from seattle to nyc or boston,neutral,neutral
see information on our boarding process kp i get group just no reason on,negative,negative
i might look into that my wife travels much more than i do could we both use the membership,positive,neutral
are we sure flights will not be cancelled flighted after i am trying to make plans in stl,neutral,negative
maybe don't play the video about how your flights are outfitted w wifi on the flights where wifi isn't working,negative,negative
morning has been delayed by hours can you get me to newark for my am meeting,negative,negative
will do thanks for the help cheers,positive,positive
dtw to lag at flight cancelled flightled with no notice given a voucher to a dirty hotel with no food vouchers or apology,negative,negative
now going in min waiting for other plane to vacate gate findanothergate,negative,negative
is the airline of the oscars but doesn't carry abc on direct tv fail now i can't watch the oscars united,negative,negative
it's amazing really,positive,positive
bags left behind because plane overweight be great if knew as soon as we landed instead letting us wait minutes with no info,negative,negative
if only that was me destinationdragons,neutral,neutral
good info but am already signed up for all options none of which sound like they applied to the 'missing' emails,negative,negative
unitedairlines so my feedback is for your benefit not for you to correct your atrocious customer service good to know,negative,negative
not too impressed with your airlines but i would feel a lot better flying with if you upgraded me up to first class tomorrow,negative,positive
finally got through after hours and all set thanks,negative,positive
where's my selfie,positive,neutral
looks like 'on february we will open our schedule for sale through october ' know what time that will be,neutral,neutral
wasting time at baggage claim thanks to your dfw ground crew who checked my bag in without actually checking for space frustrated,negative,negative
she spoke with someone this am and was told that breast pumps aren't medical equipment and that she should have planned better,negative,negative
husband on hold hrs got disconnected new wait min can't confirm res due to the fact he booked on line nuts,negative,negative
you can't get us to cincy but our luggage will still go there tonight stranded us in dallas for days w o clothes yousuck,negative,negative
with the exception of everything you've asked for heh,neutral,negative
you have the poorest trained employees at these desks i haven't even started to discuss the lostluggage yet,negative,negative
it's never too late flight to do the right thing,neutral,neutral
no i am guessing i have to call someone,negative,negative
check the website before you go to the airport,neutral,neutral
still can't get a real person on the phone to book a flight ready to just go with jetblue since they care usairwayssucks,negative,negative
waiting for a flight to fl for marathon tmrw charity u bumped us a late flightr flight then cancelled flightled it how can you fix this,negative,negative
now on hold for minutes,negative,negative
safety might be your priority but organization clearly is not,negative,negative
saving my sanity leaving it behind for sunshine escape fl bliss travel indenial whatfrozenpipes,neutral,neutral
minutes since landing flight from miami and no luggage what's the delay,negative,negative
to montego bay going back to gate bc person was late flight awful service for all of who came on time,negative,negative
thanks for reflight booking problems me on a flight and then leaving my luggage in nyc unbelievable,negative,positive
i am very disappointed with as your partner no communication extremely late flight flights really all around horrible,negative,negative
i loved todays fight but there was a bad draft on the airplane please add more air to air thanksm,negative,negative
you allow shady rd party services to sell your tickets and then refuse to help the customer who's left holding the bag flyunited,negative,negative
my wife is stuck in brownsville any chance she can get any flight out she needs to be at work tomorrow morning,negative,neutral
btw her name was samantha and she won over everyone on the flight,positive,negative
its always a pleasure,positive,positive
flight to be specific the last two were probably feet apart and within sight of each other,negative,negative
employees are racist,negative,neutral
traveling bwi nmaryland morrw any chance the flight being cancelled flightled to inclement weather any chance can get earlier flight,neutral,neutral
thank you love united have flights today,positive,positive
i open the credit card and earn miles and you wont' credit the miles to my account to restore the forfeited miles,negative,negative
loves to respond to positive tweets but they ignore problems w customers just ask nola musician about that shameful,negative,negative
is there any way to manually add gift cards to an ex eu ticket aa metal on long haul ba for intra eu,neutral,neutral
i love the hipster innovation you are a feel good brand,positive,positive
first the pilot was late flight now it's maintenance this is exactly what happened two weeks ago unacceptable,negative,negative
when will callers from the east coast be able to speak to an actual human for reservation support all agents busy call late flightr,negative,negative
q just purchased ticket to hawaii for trip in late flight march does this mean we will acquire miles based on price or distance flown,neutral,neutral
i appreciate that when i flew with you in january the check engine light came on right before take off now it is a computer,negative,positive
the wine served in usairways flights are watered down somehow right out of the bottles,negative,neutral
is this how you want to treat your platinum and two gold flyers,negative,negative
unitedairlines pls fix aspenbaggagefail issues had to pay my own way to aspen after flight cancelled flight left us in the cold in den,negative,negative
really fill out a form about my flight experience i sent an email to the k email address,negative,negative
minutes on hold so far and still haven't spoke to a human never using you again,negative,negative
my mom tried also that wasn't the reason they wouldn't change it y'all literally said that you'd rather have an empty seat,negative,negative
sorry for unfollowing,negative,neutral
are flights going into dallas this morning thanks,neutral,neutral
flight keeps telling a few more mins to take off its been an hour first time with you not the best lies brokenpromises,negative,negative
good to know that your phone customer service is still impaired due to bad weather that was over a week ago jetblueanyone,negative,negative
thanks can you change the music in the boarding gates,neutral,neutral
so important to accept others for who they are swadiversity,neutral,neutral
i missed it set up in a hotel flights delayed in sfo for hours missing all the wedding festivities of my friend,negative,negative
the only difference being you are both responsible and in a position to do something about them learn from,negative,negative
so far no call back,negative,negative
thank you for refunding my bag fee i look forward to its return today i hope,positive,positive
we have no choice but to pay another to go to the airport in the hopes that we will be treated better by a rep,negative,negative
so if your genuine give me your opinion on what occurred last night fly from phl to mia no assistance at airport,negative,negative
why can't the gate agent on flight provide an update seriously this is ridiculous how long people have been waiting,negative,negative
skys r sunny air is cold i can't wait to get to clt,neutral,positive
the person i talked to couldn't do anything not normally available online other than the no charge part,negative,negative
what time does check in open for flight no ua from manchester to newark today,neutral,neutral
yay for glitchy tracking system my bags made it to my destination and not laguardia like the app said,negative,negative
flight massive fail they delaying to transport a crew member causing many to miss connections unreal,negative,negative
thanks to supervisor miriam who provided me with great customer service finally,positive,positive
united coupon to make up for broken entertainment system on a hour flight seriously ridiculousness learncustomerservice,negative,negative
how do i go on the scavenger hunt if i'm in boston,neutral,neutral
how long is that flight,neutral,neutral
my option is to use twitter most of the people working for u have no clue what they do they tell you to go to a but its b,negative,negative
just sent another drink coupons i think i have over coupons now free drinks anyone,positive,negative
doesn't purchasing ticket with a united card give me priority boarding,neutral,negative
flight was two days ago flight from pos,negative,negative
hi can you please tell me why today's flights from chicago to dia were cancelled flightled thanks,neutral,neutral
can i get any kind of update on the delayed flight from boston to houston at really need to be back home tonight,negative,negative
thank you for integrating with passbook on ios it all works so much better now,positive,positive
is that thestarter,neutral,neutral
super lame that you charge for tv on an international flight to the us it isn t,negative,neutral
you bet,positive,neutral
is there a route to flight from mexico city to chicago midway using your services,neutral,neutral
what can i say i'm lostinlove w our brandmance wemosaictogether mint love,positive,neutral
note they are traveling w yr old unreal,negative,neutral
man of steel flies to more cities though and with more frequency too,negative,positive
you're lucky we're still flying you after today's landing gear failure get your act together and help us sit with our kids,negative,negative
false agent let us do an extra leg room upgrade for but not upgrade to mint poor business practices badcustomerservice,negative,negative
disappointed that u didnt honor my credit given to me for ur mistakes taking my business elsewhere out,negative,negative
please can someone contact me regarding my missing bag it has been days online tracking shows nothing,negative,negative
thank you for credits however i submitted complaints about the property on vacation package hope you listen,negative,positive
you need this song for your next commercial swa love,neutral,positive
good thing we noticed because she had re routed total passengers on an impossible triple connection as well,negative,negative
not true stop making excuses you either overbook or have crappy planes,negative,negative
i used to always fly southwest,positive,positive
lounge heathrow used by,neutral,neutral
thx for the quick response yep i tried but it can't find the flight when i input the confirmation,positive,positive
you should tell that to the staff at lax then i boarded group at the very end of the queue as a gold member thanks for nothing,negative,positive
seriously attendants go awol for mins now flight further delayed don't lite a match either,negative,negative
oops no functioning bathrooms on a fairly full flight hope everyone on from new york can hold it me included,negative,negative
your customer service agent bonnie is amazing on the phone she deserves a promotion,positive,positive
they are now being sent off the plane does anyone at jetblue have a clue,negative,negative
i did at pm still no bag,negative,negative
wow you even answered back awesome that's customer service usairwaysfail,positive,positive
last week i bought a plane ticket round trip to fl just fun i look at the price of them today and they went down nothappy,negative,neutral
we got it thanks,positive,positive
my dad booked through orbitz and due to weather he can't make it to the airport can you help him,neutral,neutral
my first call got dropped waited mins for the second but ran out of time will try again late flightr no way to do this online,negative,negative
our fleet's on fleek lmaoooo,neutral,neutral
well that's big of you but i don't have terribly high expectations at this point,negative,negative
ok i know doors close minutes before takeoff stop telling me my flight will leave in minutes when we haven't boarded,negative,negative
us stated their issues as kept plane on ground to allow connecting passengers from other flight to board fine understand,neutral,negative
i'd go to portsmouth nh to take care of my friend's son while she takes her daughter to boston for surgery flyingitforward,neutral,neutral
minute hold is hr min,negative,negative
i couldn't fly you today it made the trip harder had to pay for my checked bag devotedyyours but for today,negative,negative
i was returning from sobewff so i had limited carry on space in my tummy next flight i'll try that snack,neutral,neutral
well i didn't but now i do d,positive,neutral
flying by myself is getting old,neutral,neutral
ive tried on my phone and laptop,negative,negative
service rep didn't say i was dumb just had the tone of voice like i should have known about it,negative,negative
i've had terrible service in three airports in hours glad they don't care we kind of need to be home sellmypointssoon,negative,negative
if the car seat is lost should just reimburse me for a new one this is not a pair of shoes it's a necessity for my child,negative,negative
so appreciated,positive,positive
nice see u have a sense of humor hourdelay just want b home but i'll settle for that beer once safely in the air of course,negative,positive
flight agent now wandered off pilots came out looking for her went to charge her personal phone which she'd been txting on,negative,negative
do you have direct flights to and from bos to st lucia or antigua,neutral,neutral
i am dealing with the reflight booking problems agent in the miami airport now,neutral,negative
you guys cancelled flightled two of my flights yesterday and i checked the bag to huntsville and it went missing in philly,negative,negative
arrived in san juan early thanks for a great flight luv u,positive,positive
wifi on my plane but i gotta pay for it help your broke homegirl out,negative,negative
hi again any updates here,neutral,neutral
it that you say is going to help us give me a number to call that isn't a recording w a hour wait time,negative,negative
i'm going to write a post on about the experience your customer service has tanked jetblue,negative,negative
i have a flight in saturday from mci to clt and there's heavy snow predicted in mci when will u allow for changes,neutral,neutral
i am ua elite gold and have a ua chase pres plus credit card how many eqm's do i need to get platinum elite,neutral,neutral
thank you for the free flyfi makes an already great airline even better jetblue boston westpalmbeach flybetter,positive,positive
glad to be home and that your great people got me home safely sad for others who didn't get back bc of scheduling problems,positive,positive
oh it can get better apparently after making us wait for a gate psych now we need you to de ice before coming to the gate,negative,negative
can't seem to dm you guys jdhadp,negative,neutral
congrats on treating your customers the worst way possible i know plenty of other ppl who have had horrible experience w you too,negative,negative
so much for status ep and million miles revenue first class ticket and im sitting in coach thanks your rude cs staff,negative,positive
and there is no direct phone number for status match desk i really regret flight booking problems with now,negative,negative
why when you book a flight now does jetblue separate a yr old from the mother isn't that a bit stupid check in headaches,negative,negative
you need to get your act together you new this morning at our plane was malfunctioning yet i've been delayed times,negative,negative
yes i did but no response,negative,negative
really someone called in sick and then someone forgot to call a replacement now an hour late flight to take off theworst,negative,negative
minute wait still at the gate with a broken jetway might miss connection,negative,negative
once again flying aa once again min delay because of mechanical issues perhaps you should consider maintenance,negative,negative
is overweight so you pull dozen passengers off why not luggage seriously,negative,negative
flight today showing on time online not able to check in called told was cancelled flightled put on hold over an hr ago help,negative,negative
waiting an hour now for a pilot aa is there a pilot in the house at dfw,negative,negative
flight home to dc sunset globe in' backtowinter back to work refreshed,positive,positive
thanks made it safely,positive,positive
jason at gate in san made my afternoon southwestairlines stellarservice thanks,positive,positive
understand that but this policy of targeting your passengers is not good for business and should be addressed with security,negative,negative
we're trying to coordinate an airport hand off of nutella veryimportantproject,neutral,negative
our fleet's on fleek freberg,neutral,neutral
and have cancelled flightled flights after pm today due to winter storm travelers urged to contact carrier for info,neutral,negative
will never travel with you again this is insanity storms are inevitable but making us hold to just add a lap child badservice,negative,negative
free hotel doesn't make up for such poor customer service and disregard,negative,negative
over hours and minutes on hold and counting thanks for the help customerservice brutal,negative,negative
why is it so impossible to actually get a passenger and their luggage to their final destination,negative,negative
sorry to report we are stuck on tarmac being held so notwheelsup,negative,negative
airways corporation registers high short interest wall street pulse,neutral,neutral
even when i do simple google search by flight number it tells me which gate so won't be that difficult am sure disappointed,negative,negative
thank you loyalmosaicmember,positive,positive
if you follow me i will be able to dm you thanks,positive,neutral
please bring back rdu to fll direct route i noticed it is missing starting in late flight august the flights are always packed,neutral,neutral
once again i am victim to the scam that is your shit customer service this time the agent hung up on me wtf do you teach your staff,negative,negative
thanks for having no one to pilot my last two flights and all but stranding me in houston tonight airlines are the absolute worst,negative,positive
can you please train your mechanics teach them to bring the tools to fix the plane with them and not leave them in the hanger,negative,negative
why does your customer service line say we are experiencing high call volume and then spontaneously hangup on the person,negative,negative
thank you i'm excited to fly with you for the first time,positive,positive
when should i expect a response from customer relations,negative,negative
i flew to san francisco from fort lauderdale with you last year had a fantastic time so would like to go back,positive,neutral
how much is baggage check for international flights,neutral,neutral
cancelled flightled my flight for some unknown reason and haven't really given me anything to make my overnight layover tolerable,negative,negative
quick serious question any resources ratings showing the quality of service is better than th place,negative,neutral
or i'm sure her business will go else where for airline travel her name is kathryn sotelo,negative,neutral
thanks for the ride to chicago kmdw b,positive,positive
gotta be worse than w on time departures i rushed back to terminal c for flight but they haven't strtd boarding,negative,negative
joanna did a wonderful job thank her for me,positive,positive
booked tix month ago and now its about cheaper and customer service was useless what's up with that,negative,negative
mr husain u shld protest as well when one of ur party member rehman malik delayed a pia flight for hours,negative,negative
airways corporation insider trading update rock hill daily,neutral,neutral
please secure the 'footrest' shelf' in business class on a airplanes,negative,neutral
how do you not do maintenance on md while it sits for two days frozen lines found after its boarded come on faail mci,negative,negative
for the record rozana at newark was lovely and helpful choosekind,positive,positive
do you expect to cancelled flight flights out of tomorrow morning given the storm,negative,neutral
awesome,positive,positive
flight hou to mdw aboard a boeing boarded for an on time pm departure wheelsup fb,neutral,negative
never been delayed before to tpa out of bdl better safe than sorry lovejetblue onlyblue jetblueforever,positive,negative
today's wait was a violation of dot passengerbillofrights,negative,negative
burned a lot of time and cell minutes working through this flight issue hopefully we fly home in the morning,negative,positive
hi we are flying into iad tomorrow evening do you expect delays or cancelled flightlations with the snow storm,neutral,neutral
that seems unlikely without a crew here to board us,negative,negative
flight n jb blue la la departs enroute to san juan international airport,neutral,neutral
it's too damn cold to be sitting on this runway with no heat,negative,negative
thanks for the cancelled flightation today only airline that's cancelled flighted lost a customer today,negative,positive
so am i supposed to discuss this matter with a computer badcustomerservice airlines dividendrewards,negative,negative
serious firing needs to happen at hnl they broke the wheelchair you loaned me after you broke mine,negative,neutral
a friend is having flight cancelled flightlations out of lax to cmh on feb anyway to help her number has been no help,negative,negative
thanks i will,positive,positive
on last flight of the day no less i am now driving hours to aspen thru a snowstorm thx to your teams lack of customer empathy,negative,negative
make sure you take care of team team we are,neutral,positive
is an airline where you pay extra to get a better seat but by the time you board your overbooked flight there's no overhead space,negative,negative
nope called lost the seating preference i paid for and here i still sit we'll see what happens w my flight late flightr,negative,negative
sitting in baltimore finish taxi and approved to takeoff oops not enough fuel fail minflight been hours,negative,negative
thanks to marie for reflight booking problems me and my friends i'm cali bound thanks to this sweet angel blessed,positive,positive
trip cut hrs short due to flight change massive layovers no peanuts or crackers asked for h o and received about oz,negative,negative
there is no option just to cancelled flight i don't want to change flight i want to cancelled flight,negative,negative
we've been on hold for hours trying to reschedule our cancelled flightled flight can anyone out there please help us,negative,negative
horrible service luggage got destroyed on flight and woman at baggage service was so rude didn't help at all,negative,negative
delayed aa missed due to delay aa new flight now delayed aa,negative,negative
embassy suites woodland park drive herndon virginia us,neutral,neutral
many people on ua are going to miss connections due to long wait time in sfo tarmac seriously u can't find an empty gate,negative,negative
can't unload flight because jetway is broken steps planb waiting nearly an hour,negative,negative
wasn't trying to cancelled flight just trying to change my award ticket same date and place but thanks for sending the link i know the fee,negative,negative
thank you for your help shannon great customer service,positive,positive
how can i watch the oscars on my jfk sfo flight,neutral,neutral
now i can't board thanks you guys moved me to standby i've been holding this boarding pass since pm yesterday,negative,negative
terrific many thanks looking forward to being back on ua tomorrow had a great flight up to vancouver,positive,positive
by the way a simple apology goes a long way even if it's a hollow one it's obvious that you don't care about me or my well being,negative,negative
cstsvc in phl honors ur system over my reality no rcd of change in hpn now extra hours in phl or to get to cle,negative,negative
to start xweekly a flights from to dallas austin on apr avgeek,neutral,neutral
leadership counts landed at last night deplaned at minutes of that was waiting for the jetway inexcusable,negative,negative
you are missing the point the flight left an hour late flight why are you allowed to be that late flight and still charge me and hrs,negative,negative
lmao our fleet's on fleek,positive,neutral
very quick ty i am sorry to hear this can you please follow and dm me the details of what transpired jh,positive,neutral
although i'm not happy you cancelled flighted my flight home tomorrow phx to atl then dca i am happy on how easy it was to rebook,negative,negative
calls in the span of two days none of which available to speak to someone you are un f in believable worst ever,negative,negative
i don't want to be too whiny we accommodated several passengers whose earlier flight was cancelled flightled our flight was very long,negative,negative
been on hold for mins to cancelled flight my reservation can you assist,negative,negative
does transferring trueblue points within family pooling members cost this is after having set up contribution to pool already,negative,neutral
i'm makingloveoutofnothingatall on my brandloveaffair to lax,positive,neutral
my pr class would luv to know who's in charge of your twitter how many people write your tweets gracias,neutral,negative
oh my god lauren oh my god oh my god,positive,positive
ewr ppl told me to call have x day since monday still at layover loc have that ref tho any help appreciated,negative,negative
have five people shown up yet,neutral,negative
do you have any sort of live chat feature we're in the uk right now and that call would cost us alot,neutral,negative
flight gotta make this connector,neutral,neutral
good morning sylvie have a great flight yourock thank you jetblue jetbluerocks,positive,positive
another customer non service from you if we waited for you to solve the problem we would miss the funeral you suck,negative,negative
stop pretending you care about the welfare of my daughter united airlines had the opportunity to help n failed united airlines,negative,negative
was not on board you today just watched report unfold on twitter but still am very proud,positive,negative
thank you it's from bwi keep seeing different stats from delayed to awaiting take off to delayed,positive,neutral
please help i would die to see the vegas show it would be amazing to hear their songs for real,neutral,neutral
is dfw accepting any arrivals or departures today,neutral,neutral
yes i know that the question is why is that still the case fail,negative,neutral
flying gla mco in a few weeks how long do we have to be at airport for before departure for both international and domestic ta,neutral,neutral
so how about some help with suggested time i could call to avoid such long wait time,negative,negative
what's the point so i can wait for another weeks u r one of the only airlines that refuses to handle complaints by phone,negative,negative
can u get the crew member that we are waiting on we were told minutes ago they landed here and they are still not to our gate,negative,negative
in my hotel now thank you,positive,positive
might possibly have the worst service on the planet,negative,negative
exceptional customer service from aa my misplaced item was waiting for me at checkin followed by a smooth flight thank you,positive,positive
closepwcs please just tweet this i fly jetblue every time btw,positive,positive
you should update your passbook passes with any gate changes,neutral,negative
i found my footage d i am so so happy,positive,positive
had to cancelled flight my flight because my cavalli calves was interfering with the onboard equipment,negative,negative
would you like any additional details of my issue airport flight agent name or are you happy w this automated lip service,negative,negative
cool thank you,positive,positive
challenge accepted first crew members to send pics in the chairs get free tickets to visit us wager isitsummeryet,neutral,positive
since high likelihood of snow at time of flight tomorrow any chance i can rebook for sunday,neutral,neutral
thank you for your help today i have been a loyal us airways customer and i appreciate your responding to my tweets,positive,positive
you could give me free flights for life and i'd still choose to purchase my tickets from a competitor,negative,negative
this is going to take up to an hour not okay usair not okay this is ruining everything,negative,negative
oh no unfortunately the code must be entered at the time of purchase in order to qualify for the points,neutral,negative
new stroller the travel credit doesn't help cover the cost of a new stroller your crew ruined it and therefore should,negative,negative
where is my flight voucher,neutral,neutral
flight booking problems for a travel writers trip i am hosting and need to be happy when i land do you have the cute pjs aa does,neutral,neutral
want to make my day friend is premier i should be soon any chance you can upgrade our two hr leg of flights to ecom plus,neutral,neutral
yes but you did manage to lose two of our bags horrendous airline,negative,negative
thanks a ton,positive,positive
you knew this flight was delayed mht to alb to ewr to get crew your arrival is late flightr than the departure update your site,negative,negative
im in a session presented by one of your beloved travelers i see why you love him so much,positive,positive
but by cancelled flighting my flight and pushing me to the next day i'd lose hotel which was why i was trying to get a same day flight,negative,negative
i've been on hold since pm need to reschedule my cancelled flightled flight for a morning departure tomorrow please help,negative,negative
can you please make sense of the companion promo how to we set it up,neutral,neutral
waiting at hpn on plane more than an hour since landing b c of no gate please get us off this plane,negative,negative
can i please go see on friday i promise i'll only fly southwest when going back home to nh mhtforlife,neutral,neutral
i didn't miss my flight american airlines gave my ticket as well as other passengers tickets away not my fault,negative,negative
why does my tsa pre work with every airline but you i pay good money for that spent mins on phone to fix to zero success,negative,negative
way to suck at customer service dallas is trapped in an ice storm but you didn't cancelled flight am flight been on hold all day,negative,negative
sits on a throne of lies,negative,negative
oh and losing my luggage ridiculous angrybird where'smybag,negative,negative
what did you do with my seat international connection seriously,negative,neutral
rd time flying southwest in two years have another trip back to mx on october,neutral,neutral
don't worry i'm gonna share with my row,neutral,neutral
thanks for following up i think it's fair to refund the ticket price and the two one way rental cars i had to buy,positive,positive
honesty should always be the policy,neutral,neutral
also they said they couldn't even book the flight they were having to put me on hold have someone else do it,negative,negative
its not that i wasn't offered perks by i asked and was told no thenewamerican,negative,negative
will breaking them in somehow make them longer so that they don't cut off the circulation in my legs unfriendlyskies,negative,neutral
don't ask me to be patient without offering something in return,negative,negative
i have a flight voucher confirmation code but there is no where for me to enter it on your checkout page while flight booking problems pls help,negative,negative
i don't know i've tried to call for confirmation but calls aren't going thru can you let me know,negative,negative
instead the miles are credited to an account that i did not open my request to merge the accounts is denied,negative,negative
oh i did was still lost your tracking system stinks as does the delivery system,negative,negative
your kept hanging up on me and made me miss a second flight,negative,negative
how much does it cost to check in an additional bag traveling from newark to glasgow thank you,neutral,neutral
yes just a few minutes after my tweet she was able to reschedule her flight thanks,positive,positive
we did check before going to de airport and everything was fine fail,negative,negative
on phone hold for mins trying to speak to an agent can't change reservation online sigh badcustomerexperience,negative,negative
link doesn't work,negative,neutral
nope none to be found,negative,negative
yea but i was hoping to avoid the ticket difference amount as a birthday courtesy flysouthwest lovesouthwest mybday,negative,neutral
trying to fly from bos to jfk flight delayed traveling with kids book a hotel or are we getting out tonight,negative,neutral
hello any one out there have you forgotten me i need a luggage for ba your dropping the ball here,negative,negative
if someone had bothered to inform us that the airport closed that would have helped,negative,negative
your crew didn't say it was about safety if they say that i was glad to stay check the information you give to the costumers,negative,positive
so what about california,neutral,neutral
if you actually cared about what you did it would be one thing sounds like you don't like being told how lousy your service is,negative,negative
why do you charge so much moving from a full flight to an earlier flight with seats available doesn't make sense to me,negative,negative
also your at gate monitor showed empty seats,negative,negative
not happening worstairlineever also marie burroughs is the worst customer service rep ever yourairlinesucks,negative,negative
cancelled flightled a flight cause the crew needed sleep but it's totally okay to wake me up at am just to let me know it's cancelled flightled again,negative,negative
lauren im screaming,positive,neutral
if i could wanted to call i wouldn't use the internet to make a reservation site won't work on chrome on several computers,negative,neutral
lol at your estimated departure time plane hasn't even started boarding yet you can't even get your delays right,negative,negative
as a million miler with ua and flying almost every week i observe gate and flight crews committed to good operations,positive,positive
really that's it not even a we are looking into this to see what happened what we could do better next time,negative,negative
already did that at the airport and hrs late flightr its still not here you guys are really killing me today trying to stay positive,negative,negative
i'm shutting my data off for the flight i want some response by the time i land you have hours,neutral,negative
don't know if u define that as a controllableirregularity,neutral,neutral
belt issues been a rough day for them worst part is traveling with month old and having to wait outside in degree,negative,negative
asked for a waiver of a change fee for flight booked w in past hrs rep was rude just told me no didn't even try to help,negative,negative
several hrs late flight and characters won't do it cheers though,negative,negative
going to miss my connection due to another tarmac delay on us then need a flight home today please,negative,negative
and a huge thanks to the crew on flight who flew in to dca from sju monday night in the snow so we could have a plane,positive,positive
fcuk you shit service you got no fans,negative,negative
it's done if you do something to make up for it i'll tweet that too,neutral,neutral
there are no more flights via united when i arrive to dfw and my car is parked at iah,negative,neutral
flight only an hour long but one of the best flights i've ever had kudos to flight crew and airline in general,positive,positive
elizabeth at washington dulles just hooked me up with a new connecting flight at my gate i'm super pleased,positive,positive
first my sister had zero food in her cross country flight with no type of warning or voucher,negative,negative
i have flown with you times in the last days out of flights have been delayed huge mistake on my part don't fly united,negative,negative
have been trying to get canx flight resched since noon got call backs but call disconnects as soon as i answer,negative,negative
has been almost a month and still no response to my online complaint questions out because of it,negative,negative
so you guys lost my bag that had all my ski gear in it i flew here from nyc to ski should i buy new stuff tomorrow,negative,negative
airline trouble this winter not getting good customer service contact we negotiate resolutions for you,neutral,negative
no need i know the status you cancelled flightled instead of delaying the flight,negative,negative
awesome thank you very much for the help,positive,positive
shocker my flight delayed an hour thanks for reminding me why i switched to delta,negative,negative
need to change flight from this tuesday to sooner to attend to ailing parent in fl need help custserv,neutral,neutral
happy for sfo but hopefully you'll add pdx soon we added two new destinations fll and sfo from las vegas in the last year,neutral,positive
you can send my luggage to my house,negative,negative
flew ord to miami and back and had great crew service on both legs thanks,positive,positive
common keep your paper work ready and don't delay our flights and meetings,negative,negative
i've been on hold for minutes and counting unacceptable,negative,negative
i have a reservation for tomorrow morning but trying to get back night bc other flight was going to jfk can i get on list at ctg,neutral,negative
my boyfriend and i have loved since it would be so awesome to go to vegas event any way you can help,positive,positive
will be cancelled flightled tonight,neutral,neutral
cost me day of vacation and all i got was a rude woman tell me to go to another country and figure out how to get,negative,negative
that'd be nice hoping to rack up enough miles to take a trip to seattle and enjoy a perfect latte in the city of coffee,positive,positive
it is absolutely unacceptable i have been calling all day and am hung up on every time i just need a minute bit of help,negative,negative
i flying va but life happens and i am trying to change my trip jperhi can you help va home page will not let me,neutral,neutral
boarding the back of the airplane first like a boss sosmart jetblue frequentflyerappreciates alsoyayforsnacks,positive,positive
my bag landed day late flight at sfo at am how can it be pm and i still don't have it flight,negative,negative
will award me air miles yes i am going to take a vacation thanksamericanairlines,positive,neutral
gerne,neutral,neutral
where are your tickets offices in boston impossible to book by phone or use vouchers on website what a headache please help,negative,neutral
connecting in charlotte to houston mechanical issue determined while q'd to take off and we checked our bags,negative,negative
american airlines,neutral,neutral
all pieces were found and safely delivered to our home this afternoon,positive,positive
and carol thrower are passengers fort lauderdale airport,neutral,neutral
cust svc means nothing so disappointed trying since a to speak to a human i get bad weather not bad service socialtantrum,negative,negative
to boston,negative,neutral
your sfo yyj fight is cancelled flightled several times each week why even bother,negative,negative
it's not about weather it's logistics why should i hold for minutes when you called me why not get more desk agents,negative,negative
you have such a confusing web site complicated ordering process this is why i typically fly,negative,negative
was the worst experience i've ever had flying rude delays cancelled flightlations lack of updates and wasting our time,negative,negative
thanks not sure arranged move to the earlier flight but i'm at the gate with a seat assignment super nice agent at gate c ord,positive,positive
i did not my mind was on getting to the next flight,negative,neutral
yes at am but now back on a plane again and delayed again due to baggage loading issue,negative,negative
my sinuses had to contend with two painful landings rather than one and we missed a preregistration window beyond frustrated,negative,negative
was such a better airline when you were continental service fee flight booking problems fee talk to a human fee fu,negative,negative
based on suggestions from other passengers i have a rental car on standby for one way or another will be leaving then,neutral,neutral
on hold for minutes counting to cancelled flight reservation booked within hours can i do it here conf code f dk xzmscw,negative,negative
can't get thru to anyone on phone,negative,negative
at the gate iad to rdu,neutral,neutral
booked ewr fll in first for two on let's see how you compare to the garbage first class has become,neutral,neutral
now do the right thing and reinstate the tickets you voided unitedfail,negative,neutral
it just goes round round it's be going on for weeks,neutral,neutral
that's not a answer,negative,negative
hey it's am guess what i'm doing not sleeping why cause you care so little about your customers you let them sleep in airports,negative,negative
they didn't address the assult or drinks spilled on her the drunk passenger had to have a wheelchair to get off plane,negative,negative
flight was supposed to depart at and at we still have not boarded,negative,negative
flight delayed again every time maintenance issues,negative,negative
i wish i would've seen this hours ago i wanted to see them tonight so bad crying,positive,negative
i'm strongly considering taking my business elsewhere unitedairlines,negative,negative
your airbus a seats are awful they don't recline,negative,negative
frustrating indeed especially when no one knows what the issue is,negative,negative
no they're too busy being awesome and trying to get us out asap i'll deal,positive,negative
can you transfer my bags too,negative,negative
silly i'm flying delta today your united club staff and attendants are surly and unhelpful and always seem bothered by pesky folk,negative,positive
mia ewr excellent crew ewr iad no crew to load bags waiting w door open freezing mins past departure,negative,negative
is there an email address i can reach too long for a dm,neutral,neutral
no i was there hrs early send me an email to share my experience you don't want this blasting here,negative,negative
phltoslc this is happening now,neutral,negative
i saw it finally come through on the mobile app however it's for tomorrow and i have meetings tonight that i'm trying to make,neutral,neutral
as courtesy to mosaic members or anyone a request for water should be attended promptly daniel in flight should know better,negative,negative
ooookay that's silly of you guess we're watching the oscars purely on twitter reactions tonight oscars,negative,positive
on flight to houston delayed duecto engine trouble willl you hold my connection to argentina at houston since i'm late flight now,negative,negative
there's a direct from miami w a seat but u rebooked niece tuesday can't get through on phones customerservicefail,negative,negative
thank you but it says the website is down,neutral,positive
any good deals for march looking to fly to orlando,neutral,neutral
hi i did not get points on my elevate account for my most recent flight how do i add the flight and points to my account,neutral,neutral
what terminal lhr for aa ba doesn't say in boarding pass,neutral,neutral
your ground crew was inept and left a truck sitting on the tarmac didn't have a gate agent once we got a gate,negative,negative
trying to get to mexico in september how about affordable nonstop flights,neutral,neutral
r u aware your wait time to talk to a sales agent is always minutes unacceptable at least employ a call back feature,negative,negative
not as sorry as i was when i sat on a plane for hours waiting for the engine to be fixed and then got my luggage lost but k,negative,negative
flying high thanks,positive,positive
beautiful day in seattle,positive,positive
capital one and i explained the false fraud alert why did the jet blue representative issue me a new tkt if it wasn't resolved,negative,negative
brothers luggage was lost on copa airlines flight he's competing sunday for the panamerican cross country cup please help,negative,negative
no we were in a large group majority of the bags were soaked,negative,negative
we'll see what we can do kn we are running most of this plane is running thanks for the help,positive,positive
i really feel like your company needs evaluate their policies realize that transfers should be possible for tickets,negative,negative
really need help asap so please make it quick thx,negative,positive
how many others didn't know you are stopping non stop flights to atl and from to hartford ct as of april,negative,neutral
yeah it happens the phx airport has extra long waits all spring long something locals know but tourist don't just fyi,neutral,negative
how about free wifi when your flights delayed only mins allowed,negative,negative
i ve been on hold for minutes now any time you want to answer the phone that would be great,negative,negative
thank goodness also see you friday nwk sf boom,positive,positive
it's not getting any better i'd suggest you get a senior manager to this gate then retrain these gate people,negative,negative
so when your plane doesn't work the luxuries i paid for go away but you keep my money i need that biz model,negative,negative
so the one time we upgrade to first class our luggage was open and now missing valuable items that can't be replaced upset,negative,negative
do you guys have another flight for today that you can book me on from laguardia to louisville ky,neutral,negative
so i made it all the way to the airport and they say they won t fix the handle i showed you this problem and you said to go,negative,negative
love you guys but pls get some direct routes las to aus,positive,positive
thank you for a great flight in gfc cheers,positive,positive
hmmm did the flight even really exist or did they just create it last night to get people off their backs usairsucks,negative,negative
on brd now frustrated we go buf not roc if tld flt was gng b held earlier would not be a mess cng bk unable due to overbk,negative,negative
truly the best in customerservice if something goes wrong no matter how big or small the issue was they fix it thank you,positive,positive
tired of sitting on a delayed again and again computer down,negative,negative
she tried they are not doing anything said they would talk to stewardess about serving drunks drinks how does that help,negative,negative
gold desk quoting me to rebook due to weather can buy first seat on same flight for why on hold for mins now,negative,negative
stop this madness our fleet's on fleek,neutral,neutral
flight delayed flight you sold my seat flight strand me in phx for three hours thanks for the memories,negative,negative
i thank you for the reply but too complicated to dm really would like to talk to a cust rep what is going on there,negative,neutral
watch out if you are a parent they break stroller tell you look at the fine print,negative,negative
thanx but this isn't my first rodeo done done yesterday no results or comm unless u count status bags lost claim filed,negative,negative
statement on lufthansa incentive offer stockhouse,neutral,neutral
i figured the streaming wouldn't work per the tos but just the site is taking longer than minutes to load,negative,negative
don't understand why i have zero flt info no email he wait time on ph lines so much for advan mem,negative,negative
so does that mean your other flights going into buffalo from other locations you don't care about their safety,negative,negative
i really down think downgrading the booze food selections at the club is a good way to go how about you look,negative,positive
i get that weather delays are not in your hands but is there nothing else you can offer for the massive inconvenience,negative,negative
yes starting w flight getting me home more than hours late flightr record locator bsuxlu,negative,negative
so this did not work out at all incredibly unfriendly ground staff and false promises over twitter,negative,negative
is this accurate safety guide shown no mp player usage during takeoff and landing,neutral,negative
thank you for great customer service trying to make it to san antonio and your staff and alerts have been helpful boo ice,positive,positive
i'm just an aussie cowgirl lookin' for my cowboy take me to fort worth estelle says i'll find him there,neutral,neutral
sad to learn you no longer fly sfo phl hope it returns,negative,negative
stop the madness our fleet's on fleek,negative,neutral
so the fares i see for flights in fall are the absoulutely lowest they will be,neutral,neutral
you don't care about keeping your customers safe or at least you didn't care about my sister,negative,negative
was on plane from pbi to clt and knew about the frozen water also saw a plane to nyc take off at the gate next door,negative,negative
yes tells me the only way to mod plans is to call the number,neutral,negative
safety first lovejetblue,positive,neutral
you have the worst service you cancelled flightled all your flights fll to phl all flights flew stuck in fl days done,negative,negative
looking to for low rates bos to vegas in late flight june for kids and myself for a sporting event any deals or breaks,neutral,neutral
dominick l at la guardia airport nyc gives the absolute best customer service thanku checking in made easy,positive,positive
flight departed phoenix at am,neutral,neutral
or u cud answer my here is plenty inflight stealing going on right now fa won't have the uncomfortable convo w pass,negative,negative
that link is not helpful as it does not put me in touch with management,negative,negative
cancelled flighted sunday am flight to dallas next flight out is tuesday afternoon stranded bs getmeouttahere southwestsucks,negative,neutral
requested a call back at am my cancelled flighted flight through dfw shouldn't take this long to reroute you're customer service lacks,negative,negative
she has crossed prior times with other carriers and no issue karen was rude untrained and unhelpful i also spoke,negative,negative
i m resending the confirmation code in a dm,neutral,neutral
on arriving two hours late flight into clt now sitting on the tarmac while they move a plane from the gate unhappy customer,negative,negative
my luggage has still not been found luggage is not scanned until final destination so no way of knowing where it is,negative,negative
actually the flight was just cancelled flightled,negative,negative
flight n d departs enroute to,negative,neutral
you really do have a culture problem everyone i tried to work with blamed someone else or told me how they're short staffed,negative,negative
no i did not make connection your stellar employee vicky thomas refused to board me even though empty seats on plane,negative,negative
good to be back see you all again in several weeks,positive,positive
i'm all set about to fly not bad for a first date with a giant metal bird machine she even brought snacks,positive,positive
contact via fb messages twitter dm or text,neutral,neutral
still haven't left maybe by the time i'm suppose to fly back to austin on tuesday we'll have moved,negative,negative
overflight booking problems planes departing delayed returning for 'more quick fixes' breaking out attitudy customer service worstairline,negative,negative
hi guys good morning how are you doing,positive,neutral
thanks to o stbernard for taking time to read through page to find info as supervisor felt to insist tho i showed previous comm,positive,positive
my husband a first time flyer with you has had the worst experience on board a aircraft just a few minutes ago,negative,negative
worst service ever delayed flights for more than hours plus you missed my bag and your employees are rude,negative,negative
is a dm possible if you aren't following me,neutral,neutral
what do i need to do when tsa pre doesn't show for a flight of mine,negative,neutral
ty but their site says please note that we do not offer a print subscription service for american way,negative,negative
why announce it is for rollers at all if i want to put a coat in there isn't that my choice how about all gate checked thx,negative,negative
baggage woman said it was in blatimore and would be on a plane this morning now they can't find it wtf,negative,negative
i usually like flying with you guys but fee to use my credit seems ridiculous notcool exhorbitantfees,negative,negative
ok i'll book jb to jfk then book to ath thank you,positive,positive
give me tickets to the atlanta show and i'll roadtrip from canada deal,neutral,neutral
quality work going on here,negative,neutral
still sitting here waiting for a plane hours wasted,negative,negative
no private msg me and will provide details u really need customer svc training for your staff,negative,negative
is there any estimate on when the holding for you online will end i'm at an hour and forty minutes now i need to rebook,negative,negative
not to mention the fact that we paid extra just to fly jetblue thinking it was the most reliable,negative,negative
says is the final carrier us air doesnt have it i want my bag not a claim not an im sorry i want my clothes,negative,negative
condescension must be a quality your co rewards your tone reeks of it,negative,negative
second pic from cdg,neutral,neutral
hours on hold to change a cancelled flightled flight completely unacceptable,negative,negative
told to work it out ourselves joke fail,negative,negative
boarding in mins yay,neutral,neutral
thank you twitter says i can't dm someone unless they follow me can follows my twitter,negative,neutral
omg wish i had a flight today haha there's always next time have fun at lft,positive,positive
spend hour on hold with,negative,negative
i live abroad and am flight booking problems flights for when i come visit the states,neutral,neutral
keeps dropping my call and won't even let me stay on hold because they are too busy idontwanttocallback,negative,negative
is the worst major us airline more proof they're boarding the plane with the outside galley door open in degree weather wtf,negative,negative
believe me i understand flight was originally booked for sunday flight was cancelled flighted and rescheduled for today,positive,negative
thanks for that advice so helpful can't believe you guys actually charge people to fly united,negative,positive
great thanks,positive,positive
awesome flight out of philly on tuesday party in row if you're interested,positive,neutral
my mom left her kindle on flight today burgundy case with a light seat d did anyone find it,neutral,neutral
landed an hour late flight from ind to den and min late flightr our bags are not here not cool,negative,negative
sort of but i'm arriving a day late flight and have to incur overnight costs in a connecting city not cool at all,negative,negative
now you love me after taking my money and only taking me halfway home sorry too late flight,negative,negative
wow flight crew shows up mins before the flight no catering for aa nice why to treat your customers,negative,negative
has not responded to my various requests for contact numbers does anyone know the uk customer service number for unitedairlines,negative,negative
that's pretty nice are flight credits automatically given after the flight i also wish there were a lounge i could sleep in,neutral,neutral
lost bags cant reach human delivery driver says he won't give us carseat until we return loaner we hv no loanr help,negative,negative
as the employee responsible for social media content yes u probably do care however the actions from last night say otherwise,negative,positive
pay in person at portland airport i will be flying from perth this has been done by us air,neutral,neutral
i got a flight at am on thursday but looking for something tomorrow anything available,positive,neutral
my last call your customer service agent called me back as he was stuck on hold to air canada just hope he's booked me a flight,negative,negative
followed you and dm'd you,neutral,neutral
late flight to denver late flight to newark let's not even get into the disaster that was checking bags unacceptable,negative,negative
all i hear is blah blah blah you shoulda used that to buy a ticket instead ill be driving there not flying,negative,neutral
there is a travel advis for nyc and phil pa winter weather but u s air hasn't posted one yet can i still change flt wo pen,negative,neutral
could you maybe hook with some imagine dragon tickets tonight shes a hugeeeee fan would really love to go,neutral,positive
were stuck on a plane in dallas that's supposed to be going to okc there's an issue w the plane any idea on how much longer,negative,negative
right on cue with the delays,negative,neutral
you guys rock,positive,positive
how's a direct flight fll sfo have unexpected layover in vegas fuel yet peeps next to me bought for vegas flight sneaky,negative,neutral
is my new go to airline,neutral,positive
it takes hours to fly from chicago to beijing on united and to fly from vegas to omaha on sw,neutral,neutral
is really stepping up their service,positive,negative
tried a different flight iah mnl flights are advertised for but are not bookable due to partner error,negative,negative
superb choice swa i am a raving fan they even take stress out of weather relate flightd glitches custexp,positive,neutral
not in any way that i am happy with or find acceptable if i could speak to a human maybe that would happen,negative,neutral
thanks for the reply to clarify the airfare is similar to your likely intended peer group the beer charge however is not,negative,positive
that i would get on early enough to not have to green tag but no go if not for otis i would be still sitting at ord,negative,negative
that guy really has no customer service clue could have spent effort clearing bins for rollerboards instead of art projects in mine,negative,negative
my flight got cancelled flightled from grk to dfw then to lex for tomorrow and i need it rebooked,neutral,negative
is the best airline hands down amazing customer service bags free and affordable flights happycamper,positive,positive
i have flights with you in the next two weeks let's make some good memories,positive,positive
is there a way to add my aa number to an itinerary that doesn't involve sitting on hold for hours,negative,negative
can you provide me with info about checking strollers and car seats costs restrictions need to bring seats stroller,neutral,neutral
glad you like it feel free to steal it,positive,positive
i love southwest and payton taylor,positive,positive
you've got to be kidding look at the pictures i'm hoping it's on the flight that just came in the whole story is much,negative,negative
so you fail again flight to rdu sitting waiting on flight attendants your logistics are not good,negative,negative
stuck on the tarmac in clt because the our gate is not open hope i don't miss my connection logistics americanview,negative,negative
ticket counter people here are not helping and just want to charge more money even after this horrible day,negative,negative
yes thanks but took forever,negative,positive
can you increase the legroom how airlines compare via,negative,neutral
first airline to use applepay in flight airlines,positive,positive
some people in line have been waiting minutes for a customer service representative,negative,negative
lol you guys are so on it me had this been months ago our fleet's on fleek,positive,neutral
done thnx,positive,positive
cdg las hours and my luggage is in sfo i've been wearing the same clothes for hours thank you flythefriendlyskies,negative,negative
whose performing at t,negative,neutral
thanks for nothing really minute wait times when i've had to call back x that's minute wait times,negative,negative
thanks for making an effort credit where credit is due flight delayed hours instead of hours fwiw loweredexpectations,negative,negative
half hour late flight leaving dfw no attempt at an explanation,negative,negative
so whats the hold up on flight,neutral,negative
flight got cancelled flightled hrs before takeoff no customer service been on hold for minutes,negative,negative
but are your flight attendants fucking tho our fleet's on fleek,negative,neutral
thanks now i just need to locate where my luggage is,negative,negative
jx s t if you can out today would be great it's our honeymoon and this delay you has put a damper on iy,negative,negative
so glad to hear thanks for sharing the video me and jetblue are bff,positive,positive
it will be on a different airline,negative,neutral
website isnt working and i cant talk to any on the phone to check flight status out of dfw roads are awful and cant get there,negative,negative
nervous for flight tomrw out of key west not friendly customer service,negative,negative
they were amazing and thank you,positive,positive
what is the expected wait time to speak to someone via number,negative,negative
called your service line and was hung up on this is awesome sarcasm,negative,negative
is flight oma den on actually cancelled flightled been on hold for over an hour and your website says conflicting messages,negative,negative
freaking out about the fact you are fixing the engine from charlotte to orlando longday,negative,neutral
tough i can take zero meaningful assistance while stranded for days is another matter looking for signs you care abt cust,negative,negative
thank you someone finally answered and was able to change my flight that was cancelled flighted bc of ice thank you for response,positive,positive
if you could get the gate crew to help us off flt that would be great,neutral,positive
can you help me add my ktn to this reservation plz,neutral,neutral
hey aa there was a mistake made by your cr on my flight booking problems when i call your reservations i keep getting hung up on advise,negative,negative
le v d pnr numbered flight the first leg is cancelled flightled due to bad weather in iatanbul how can i make a reflight booking problems,negative,negative
sorry doesn't help it's midnight pst how in the hell am i still on hold after minutes on customer service line,negative,negative
miami to rio to participate at representing yourstoryhere,neutral,neutral
i was not the one traveling i was asking for my sister who was waiting on my nephew in midland flight eventually landed,neutral,negative
our fleet's on fleek see,neutral,neutral
can you tell me why you cancelled flightled the flight vs delay,negative,negative
years of naval service and i run the travel department for all my commands,negative,negative
what are your services what promotion you have at the moment modelodenegocio innovation innovacion businessmodel,neutral,neutral
so the prefference option is not something that you honor so why having it as one of the services if not applied,negative,negative
three cheers to your denver staff don't know if we will get out but they're keeping us smiling,positive,negative
it's been hours and still no call and now we are back to being hung up on by an automated system americanairlines,negative,negative
yeah either by refunding my money or free round trips to compensate for all the trouble we were put through,negative,negative
half an inch of snow in charlotte overwhelming,negative,negative
customerservice sitting on my fourth plane today with a mechanical problem no excuses for this tough to be loyal,negative,negative
returned from vacation went to luggage services golf bag was presented in clear wrap that could've been used in the first place,neutral,negative
they had record of it being at denver on the concourse prior to me gettin on the shuttle i just want to confirm its location,negative,neutral
i understand that but i'm hoping i can rectify this in advance i would call but i am in auh i just need my one checked bag,negative,neutral
min more delays to flt at sfo load more pax makes no sense will strand many of us overnight at ord due to missed cnxns,negative,negative
how can i file a claim when your agents won't let me speak to a supervisor my claim number is expired because you won't find my bag,negative,negative
feet from the gate at phl but no ground crew you can't make this up,negative,negative
please help need our plane to wait to go to elmira on tarmac over an hr baggage took and still not here thru customs,negative,negative
inches,neutral,neutral
i can't find a good photo of it you got one goodnight,neutral,neutral
lets chat about flights to and from bwi and the carolina area can a girl get break i've had to resort to usair a day,negative,negative
trying to get a customer service agent just landed in sfo can't fly with layovers with kids,negative,negative
we should be landing at ric right now but haven't even left atl should have picked delta maybe,negative,neutral
will not have to honor absurdly low mistake fares v a,neutral,neutral
has the most useless rude employees ever at philadelphia airport never again will i fly with them,negative,negative
yes i can but you guys should get your act together,negative,negative
ruined my day start trip sfo to gig both legs changed lost my paid upgrade st class seat moved me from econ to econ,negative,negative
my wife's flight is cancelled flightled told to call no one answers how do we book a flight help us please,negative,negative
help i was on flight from jkf tonight seat c left portfolio need it back,neutral,neutral
my mom s flight tomorrow cancelled flighted w no notice phone system said callback in hours and it s been i need to go to bed,negative,negative
i have submitted my request i would appreciate a call by am eastern thank you,neutral,positive
what an awesome flight dallas ny virgin america refused bc of my child's peanut allergy but u guys didn't thanks,positive,positive
don't tell me that tell me what i can actually do to reach someone i don't mind being put on hold but it won't even do that,negative,negative
thanks for including us on your tour did you pack your winter coat unfortunately yes werenotincalianymore,negative,positive
omg finally,positive,neutral
yer deals never seem to include nyc pdx or nyc pgh wish they did,neutral,neutral
once again my flight is delayed i hope i dont miss my connecting please don't fuck me i have a girlfriend,negative,negative
what can i say other than when it comes to my brandloveaffair w ur my soulandinspiration umosaicmecrazy,positive,negative
can u get me on flt instead of now,neutral,neutral
no at jfk you sort of have to guess things out it's a small airport so whatever,negative,negative
i was told my ticket expired but i never recvd any notice before it expired this sucks i paid k miles for the tckt,negative,negative
social agencies this is why we can't have nice things our fleet's on fleek,negative,neutral
why am i not being given a callback option why has this service been turned off,negative,negative
melinda in reservations in greensboro nc is an absolute jewel thank her for me she's amazing,positive,positive
if i miss saying goodbye to my friend cause of your crappy service i swear you will never hear the end of it americanairlines,negative,negative
we are missing our connecting transportation in puerto rico as a result need to get to vieques today,negative,negative
pls stop sending texts every mins saying my flight is delayed another mins it's been hrs i usually defend u but this is lame,negative,negative
why did you interupt the staduim series on i dont need to see your stupid commercials or emergency info,negative,neutral
just cancelled flighted my flight and told me to call to rebook been on hold for minutes at am and still waiting,negative,negative
missed connection wrong city bags at palm springs but not at hotel i am seriously tired of being treated this way,negative,negative
atl to rdu snow forecasted for raleigh this evening,neutral,neutral
the most frustrating flying experience one continuous i dunno what time you will leave today dunno that's code for,negative,negative
my flight tomorrow is cancelled flighted you guys just keep letting me down,negative,negative
nd late flight flight today,negative,negative
i guess i was one of the select few that hadn't had many problems before this and all the sudden my whole trip got jacked,negative,positive
please hogs my next flight for me i'm waiting on a bus to get me off one plane so i can run to the other it leaves in two min,negative,negative
second she sat on the tarmac for hrs only to be told it would be mins,negative,negative
but expect no help from our flt was canx at the last minute for weather we flew home on weatherless,negative,negative
i think we both have the same status nothing i think there was a bug in your search system,negative,negative
no worries time flew in the terminal and now we're taking off thanks again,positive,positive
yes i do bit you don't follow me so i can't dm you,neutral,neutral
thanks for an awesome flight and connection we were delayed but your staff and crew were purely amazing,positive,positive
how much is ur wifi fam,neutral,neutral
got a flight we were told for today checked my email and its for tomorrow this is unacceptable,negative,negative
the phone number the gate gave me doesn't work either what is your customer service phone number,negative,negative
why don't you fly to nashville,neutral,negative
well i thought they had hours ago but just found out that no i do not have a seat,negative,negative
i have continued contacting your phone reps for hours and am still unable to get through that's absurd and i am livid,negative,negative
so you don't have a pilot now for clt ord for at least another hour why on earth would you board the plane makes no sense,negative,negative
exactly how i've been disconnected times,negative,negative
apology accepted customerservicewin itravelalot,positive,neutral
as soon as i can sending my son home with you saturday,neutral,neutral
currently on ua minutes of the worst turbulence i've ever experienced and zero communication from the flight deck,negative,negative
over min hold on your reservation line embarrassing aa platinum member,negative,negative
tough night two minute calls on hold delayed here in phoenix for two days because of one aircraft not ready not acceptable,negative,negative
luckily i had my disinfectant wipes and did your job for you you're welcome badservice,negative,positive
good to hear thx for being responsive,positive,positive
when does the new schedule open that takes us past,neutral,neutral
a true americanview the national mall,neutral,neutral
flight jfk las first the catering was late flight the no push back crew hrs delay,negative,negative
oh yeah i guess those are two different things am does weird things to my brain thanks again xox,neutral,neutral
i'm on tmrw from cun dfw final dest'n is ord seeing freezing rain in dfw all morning should i change my connection,neutral,neutral
next day,neutral,neutral
already missed connection ugh,negative,negative
i hope so too,neutral,neutral
i need assistance due to your incompetence i need to reschedule a connection i will never fly again,negative,negative
i think i left my phone on my flight help,negative,neutral
i did times with of those being hung up on the other one it finally sent me to the call back notification fixyourstuff,negative,negative
when will sw return to customer service business travelers made sw now sw ignores us,negative,negative
u would think if u were going to cancelled flight my flight you'd rebook our seats to something other than the last row usairwaysfail,negative,negative
comenity bank is a joke please change nothing but constant problems with this bank,negative,negative
ruined our honeymoon by causing us to miss our international flight and now we are stranded,negative,negative
of your agents said we would be refunded agents said united should never have sold us the ticket,negative,negative
ann marie at lga is the best ticket agent ever excellentcustomerservice,positive,positive
overbooked sxm clt delayed deplaning extra passengers missedconnection forcedovernight clt no lodging food disappointed,negative,negative
i would like to send an email to lost and found at jetblue jfk i spoke to them this morning but cannot drive their today,negative,negative
please expedite missing bag claim thanks,neutral,positive
please please please,neutral,neutral
i filled out that whole form before receiving a poor poor response is there no direct email address in reply,negative,negative
i am blown away by stellar custserv thank you,positive,positive
it's not ideal but it's okay better late flight than never,negative,negative
that's still one day over my visa expiring on june which is why i booked my flight on that day,negative,negative
advised gas and pilot of my flight too bad no one took action,negative,negative
trying to reach him for the number at last they have him on standbye and gave him meal voucher for a potential day standbye,negative,negative
thanks they did not charge anything in the end so all is good,positive,positive
website won't let me change online even though airline issued travel advisory now on hold for minutes help,negative,negative
literally just stopped allowing people to wait in line for customer service incredible from worst to no customer service,negative,negative
is the worst nonrefundable first class tickets oh because when you select global fc their system auto selects economy w upgrade,negative,negative
minute wait times to help with a cancelled flightled flight help a guy out,negative,negative
from mex nrt dates tbd but i'm getting a to usd difference in my quotations through september when compared to mex bkk,negative,neutral
i need to be back home tomorrow and no one is helping me please help me rebook for a flight tomorrow,negative,negative
you advertise the flight and its still on you website and still can't be book spent over hours with united support,negative,negative
and this asshole cut in front of me your system blows,negative,negative
many trips coming up i will see you soon,positive,neutral
your hold music sucks,negative,negative
leisure military personnel for safety reason r highly recommended to not travel in uniform,neutral,neutral
waiting for flight to memphis incredibly rude gate agent waited until after departure time to announce delay of rude,negative,negative
trying to change my reservation been on hold for minutes and can't do it online was directed to call help,negative,negative
yes shows cancelled flightled asks for her to contact you at number,negative,negative
how do you log out of wifi in flight don't see any option and made typo when logging in help,negative,negative
i have more flights that i'd love to redeem for some points but they're a little over a year old is there a historical limit,neutral,neutral
there is an error w my preferred status i'm not able to reach an agent via phone travel friday need resolved contact info,negative,negative
can you follow and we'll proceed,neutral,neutral
working over time tonight got delayed days in sju could be worse,negative,negative
lost my sunglasses case on a flight last night is there a lost found,negative,negative
that's what is on my ticket and my confirmation email anything else,neutral,neutral
will do thanks,neutral,positive
what i don't understand isn't flight that i paid premium for getting cancelled flighted and the best you can do is next available flight,negative,negative
i would drive hours to jfk to board jetblue to vegas instead of closer hartford airport cramming more seats on plane no more,negative,negative
stressed and rude agents overwhelmed by delyd flight las den yelling at several people not pretty this is friendlyskies,negative,negative
thanks for the reply hoping everything is cleared up in charlotte by monday,positive,positive
airways sees significant drop in short interest jblu mideast time,neutral,neutral
my daughter candice and i are together with her baby,neutral,neutral
really enjoying sitting at bwi with the door wide open and the a c on as they fix a baggage error sarcasm,negative,negative
your agent told us tsa didn't have a crew to get bags,negative,negative
hi we have lost and found solution we want to offer for free to assist with contacting people when items are found,negative,negative
i think i left something on the plane yesterday who do i call ah,neutral,neutral
is that supposed to change in the near future,neutral,neutral
why not sell mce during post door close shuffle in same way u sell drinks snacks people on my flight self upgraded w o paying,negative,negative
not encouraged that i'll have my cpap tonight,negative,negative
your people are kind and hardworking the infrastructure you have given them is horrid massivefail failphone fail,negative,negative
thanks for a great flight from la to boston pilots did a great job landing in the snow can we go back to la now seriously,positive,positive
just called reservations cannot change just able to put note on res problem is tsa,negative,neutral
can we get a honest update on departure of flite been on plane with infant children,negative,negative
unfortunately i was so startled and rushed i didn't get the name but will provide a description in my expanded email thank you,negative,positive
all's well i got comped with multiple other bags which just made my day,positive,positive
your website won't allow me to post the required document i keep getting were having technical difficulties,negative,negative
i think he actually did not like your screen,negative,negative
listen learn do this remove your pqd requirement it is insulting ha,negative,neutral
see you on board tomorrow,positive,positive
forgot to call in the copilot so we're stuck on the plane in phl looking fwd to being stranded in clt day of flight fails,negative,negative
your customer service for mileage plus customers is a disgrace i just spent min on the phone to reset a pin number with no luck,negative,negative
now put your baggage fees back on free our fleet's on fleek,neutral,negative
trying to make an online flight booking problems one way from barbados nyc but wont let me as says i need a barbados cc why,negative,negative
months ago best catering out of all domestic airlines today worst on the planet and i've flown almost all of them,negative,negative
pleasantly surprised to find ana has made major upgrades on their transpacific route in flights planes and service,positive,negative
will do hoping for a voucher for a future flight optimistic,positive,neutral
and really it's a middle initial versus middle name all else the same not spending my time on your computer issues,negative,negative
yes though they have not located the bag yet it was a lovely flight outside of that,negative,negative
i will i love flying with you all great service,positive,positive
nope i have not been rebooked,negative,negative
hey that's a sexy tattoo you got there on your left engine jetbae,positive,neutral
i just received your birthday card it was amazing and made me smile with joy nice videos thanks,positive,positive
if seats aren't guaranteed why do we pay for them when i called the rep said some other people booked our seats,negative,negative
that's what you have said for years you are losing customers,negative,negative
i need to email customer service for help and a question can you please provide the email address,neutral,neutral
we are never going to get to out gate at this rate,negative,negative
when will the merging of miles between you and be complete wasn't it this month,neutral,negative
have been on hold for minutes need help usair why won't you help,negative,negative
's new ceo seeks the right balance to please passengers and wall daily journal,neutral,neutral
pretty sure he's saying ricoh had great service down at bos happytohelp,neutral,positive
no hold times just disconnections there is no excuse for that,negative,negative
and when that doesn't work,negative,negative
hi i just booked a flight but need to add baggage how can i do this,neutral,neutral
us too terrible airline just gave us a hotel hotline number and said sorry,negative,negative
i think problem resolution should be decided on your end especially if you'd like me to continue flying your airline,negative,negative
what does delayed due to customer service mean for ua,negative,negative
minutes on hold no help,negative,negative
i need someone to help me out,neutral,neutral
just get the rr credit card and get the points of family that way,neutral,neutral
i can't get ahold of aadvantage reservations i need to ticket a reservation that cancelled flights soon can you help,neutral,neutral
look at this beauty dc united airlines,positive,positive
is large wichita falls airport not receiving any arrivals i have called and no one answers i been waiting for day,negative,negative
thank you for not cancelled flighting all flights and putting my husbands life in danger driving in this weather safetyfirst,positive,positive
i don't understand why you need a dm to give me an answer on if you have a damaged luggage policy,negative,negative
you reminded me today why i fly,negative,negative
confirmation number njv bp all i need is email confirmation of flight from nyc sfo feb,neutral,neutral
i don't know what dm the confirmation number means,neutral,neutral
got it look forward to hearing from you soon,neutral,positive
deborah helped me,positive,positive
thank you excited to be working with you guys,positive,positive
what's up with website can't access flight info,negative,negative
flight at from fll kiosk just opened rude attendants because now everyone is late flight,negative,negative
lol i'm sorry i'm just seeing this now but lauren oh my god ahhhh,positive,neutral
we've been delayed and delayed here in palm beach need to head to westchester can you give me some info,negative,negative
is my flight delayed it keeps changing between delayed and not if delayed is checkin time late flightr,negative,negative
pooling and gifting are completely different i shouldn't have to be charged to send points its disgusting,negative,negative
thanks already subscribe and have a rr account had received a promo code last month but has since expired any new offers,positive,neutral
thanks for the kind words janna weappreciateyou trueblue and now i'm feeling like a boss jetbluefame,positive,positive
it's not fun having a delay from nashville to las vegas but the crew at the gate c desk has been awesome patience luvswa,positive,negative
cool a canned response nah i think i'll keep tweeting at everyone who mentions aa on twitter you could dm me though,negative,positive
is a joke missed my connecting flight by minutes last flight of the day and they don't hold it minutes,negative,negative
ticket couldnt be used bc unable to get to departing dest rsw bc of blizzard in bos told only way to use credit is fine,negative,negative
as am i but thankfully there was a lounge next door really not impressed by oneworld partnerships,negative,positive
that would be great thank you i'll send it over when you follow,positive,positive
wifi and better seating,positive,negative
and that you can choose the same seat for free after clicking buttons,neutral,negative
calling that number was useless heading to the airport now to pick up my bags this whole situation seems like a real joke,negative,negative
cancelled flights my flight doesn't send an email text or call then puts me on way earlier flight i might miss now thanks aa,negative,negative
aa on time and awesome flight great job american,positive,positive
download jeokoo the american app for air travelers,neutral,negative
already did an automated voice told us to wait hours they have yet to call back,negative,negative
i already follow you one of you number agents rebooked me went from a to an a ugh,negative,negative
please help trace my luggage which was put through without a name tag on february at albuquerque airport,negative,negative
was so on point for of my flights this past week but this last one really sucks shit,negative,negative
our fleet's on fleek jet blizzue in the hizouse,positive,neutral
i've been on a music hold for over a hour trying to get my aadvantage membership merged can someone please call me asap,negative,negative
thanks to jacqueline in clt for cleaning up and mess awesome service,positive,positive
you have now lost my bag never ever flying united again joke,negative,negative
thanks i finally got through this afternoon,positive,positive
it is just bad practice and i am disappointed that your airline was not prepared honestly the last time i fly with you guys,negative,negative
i appreciate your efforts getting me home,positive,positive
the only time i tweet is to tell you how horrible you're attendants are flight to lga i feel in jail,negative,negative
can i book a flight on my own and get reimbursed by you,neutral,negative
any chance u can help our family rebook their flight that was cancelled flightled,negative,negative
landed at mco before am and still don't have my bag you were supposed to give it to disney's magical express this am i am livid,negative,negative
might be the worst airline ever,negative,negative
held up for almost minutes and then promised free movies and it didn't work and neither did the wifi that was paid for boo,negative,negative
then she had to get her own hotel so ur agents did nothing to help and to top it off you sent her luggage on the wrong flight,negative,negative
kudos to your phone support and charlotte gate staff,positive,positive
my wife was on a flt from bro to tul via dfw that was cancelled flighted bought an swa flight to get her home partial refund dm me plz,negative,negative
i was told it was due to be on ua which flies direct to dublin so why did it go to london this is a complete shambles,negative,negative
do you have any afternoon flights going from bqn to jfk i only seem to find early morning flights,neutral,neutral
our fleet's on fleek lmfao,neutral,neutral
to add i have to get up to go to work tomorrow am i don't like having to wait up until or late flightr cs sucks,negative,negative
not worried it's been a great ride in a new plane with great crew all airlines should be like this,positive,positive
wow your miles program is ripoff quick ticket fee i hope you all end up on unemployment,negative,negative
stuck in iad going on hours waiting for a ferry flight from nashville that u can't tell when it will arrive ridiculous,negative,negative
always letting me down,negative,positive
ok noted all details will be dm'ed to you shortly,neutral,neutral
but why do people with no status get to buy an upgd at much less than cost ahead of premiers with earned confirmed certificates,negative,negative
just called that number and left message are you at to pass along message to team too,negative,neutral
we have they were useless baggage service called before to tell us we would have bags by now maybe midnight,negative,negative
fyi the info com email address you say to contact in password reset emails doesn't exist emails bounce,negative,neutral
i just dmed you,neutral,neutral
never felt better taken care of indian aunties are the gold standard thanks aruna,positive,positive
stated before i'm not getting any help there tk over hrs yest to spk to a live person then told to chk the site,negative,negative
i did not she's a woman who's a lead she was working at gate c,positive,negative
what are the chances of one of your flights leaving at am out of newark nj being cancelled flightled tomorrow,neutral,negative
also doesn't help me i'm a very frequent flier and united premiere gold apparently that means nothing,negative,negative
how can you not know the weight of our plane after us sitting on the plane for hrs not convinced your company is safe for flt,negative,negative
three hour wait and counting waiting for reservations on the phone are you serious,negative,negative
who intentionally buys a flight with a hour layover and what kind of airline would charge to fix it wow usairways,negative,negative
hi im trying to speak with someone to book travel for a minor the phone keeps disconnecting please advise website wont allow,negative,negative
hours for my friend to rebook his trip to korea after cancelled flightled a connecting flight to chicago idiotic,negative,negative
flight operated by n ma arrives at following flight from reagan national,neutral,neutral
please get me off this plane ua,negative,negative
my flight out of cll won't let me check in please help importantflight,negative,negative
will do i'll tell him you say hey,neutral,neutral
st flight with u s air plane had mechanical issues wait minutes for help from customer service no help from management,negative,negative
if a passenger is to large to put down the armrest and now is using part of my seat what is my recourse nothappy,negative,negative
not your fault social media awesome people i know everyone is working hard to get us in our way,positive,positive
weeks to refund this ticket totally unacceptable fix this or i'll put it on blast on social media and tv,negative,negative
go go,neutral,neutral
i've been on hold for minutes waiting to talk to someone about my flight tomorrow is there another number to call,negative,negative
broken entertainment system on my hour nyc flight terrible cabin crew service and online complaint form won't work hopeless,negative,negative
indeed it was not,neutral,neutral
and it's not a inconvenience it is a disaster it's a phone bill from you that you refuse to pay,negative,negative
even tho the extra lbs are still going on the plane just as a carry on where is the sense what do you say to fat people,negative,negative
anywhere,neutral,neutral
will have to try standby in denver tonight or will have to cancelled flight father son trip till next year thx for trying,positive,neutral
any update on the computer outtage affecting flights is this national or just northeast eta on resolution,neutral,neutral
wanted to connect to discuss sponsorship opportunities with silicon valleys only day film festival,neutral,neutral
called jb times everytime auto vmsg your wait time should not be longer than mins waited longer than mins and no answer,negative,negative
thanks for responding,positive,positive
thank you for the acknowledgement the ife didn't work all that well anyway so maybe time to upgrade to lower profile system,negative,positive
received my bag i appreciate taking care of the matter and following up,positive,positive
what do you call that,negative,neutral
my flight us got cancelled flightled on due to lack of flight crew i was told that i'd be reimbursed for hotel who do i contact,negative,negative
on hold x min ea trying to bk a tix to asia your website customer service dont want my business korea air it is,negative,negative
tried to and got through the whole characters and i was not even done,negative,negative
on plane for jfk sfo been sitting here for hours waiting for push crew how is this acceptable,negative,negative
thank you for following up,positive,positive
more like usdelay ways another long 'paperwork' relate flightd delay friday in charlotte today in philly letsgoalready,negative,neutral
thanks for your great customer service today for helping me get all my travel sorted out,positive,positive
tried filling out the status match form and got hit with an error message how can i tell if it went through,negative,neutral
flight landed over hours ago and they still haven't gotten to the gate what's the hold uppp imtired wannagohome,negative,negative
you realize you've said this already at least last time you asked if i needed help,negative,negative
i received my luggage that also looked to be left in the snow when i arrived i'm asking for all people to be refunded,negative,negative
flight to newark stuck in the runway about to miss my connection and they are just sorry for my inconvenience,negative,negative
not even mentioning how rude the customer service was to us as a business owner i'd be mortified if my employees acted as yours,negative,negative
well mine sure aren't anything to write home about,neutral,positive
bag in possession but no clothes in bag,negative,negative
hours on hold trying to reschedule cancelled flightled flight hold music stopped but no one's answering how can i reach a rep,negative,negative
flight delayed x and still not taking off on time greeting me at my seat yes it's gum garbage,negative,negative
i wish you all the best of luck i'm enjoying the luxurious free amount of leg space rn thanks,positive,positive
fyi your android app is set to not be applicable with the nexus please fix its a phone not a tablet cheers,negative,negative
the only thing you fella have done right today is get me to the pacific time zone,positive,neutral
flight home cancelled flightled today any way we can get another flight to nyc from texas hour wait for a call back from airline,negative,negative
and the fact that we were treated disrespectfully and lied to by members of your airline that claims to strive for the best,negative,negative
used get emails pre purchase a snack and when time to check in got neither tomorrow's trip do they not get sent now,neutral,negative
of course not the inflight crew was great,positive,positive
seriously there aren't any reps available to take phone calls even for platinum,negative,negative
stuck in cae need reflight booking problems for next flight possibly dm for more info,negative,neutral
i have no transportation to and going to some other city and getting to ny sometime on wed i'm sorry that's not gonna cut,negative,negative
lister to my show my on monday,neutral,neutral
but eagle is always late flight,negative,negative
how does united refuse to reissue a lost voucher when their plane didn't take off due to mechanics badcustomerservice,negative,negative
min to get bag checked n atx miss my flight spend all day n not get my baggage at the end of it all epitimeoffail,negative,negative
as a frequent traveler i've never been treated so coldly had an airline offer nothing when my flight was cancelled flightled nolove,negative,negative
you are offering us rooms for people fail,negative,negative
seattle bound wifey got me the duffle for vday she's a keeper holla,neutral,positive
ok thanks for the clarification,neutral,positive
i guess from now on i should take my chances keep the for the courtesy free because it seems cabin is always full,negative,negative
no no no swa low fares and on time service is great but manufactured quirkiness mmm not so much signed captiveaudience,negative,negative
okay i think has waited long enough for a gate at dfw,negative,negative
hours late flightr and the flight has been cancelled flightled you gotta work on your internal communication skills,negative,negative
or did you mean,negative,neutral
is there a way to reserve my dog s flight without speaking with a representative just was booted from your helpline,negative,neutral
need to get my yr old to nassau from sea to meet her great granny she was named after who just turned flyingitforward,neutral,positive
ok i guess the weather has been rough but i have been trying to sort out missing air miles for days any suggestions,negative,negative
kid upset my staff upset one accused of stealing fruit mistreatment due to airline policy of an austic child,negative,negative
link doesn't work and i've tried tracking my bag several times still doesn't clarify where it is,negative,negative
is there nothing that can be done online to help i bought these as a birthday present just trying to be able to afford a change,neutral,negative
your team was just terrifyingly rude to a young mother her baby trying to check in to a flight from phx to jwa help her out,negative,negative
am i illiterate or is there a magic code to make your customer service site work,negative,neutral
i asked if that was sop and they said it is now but yet the other flights nothing is this a policy or not,negative,negative
honestly i m glad you didn t cancelled flight the flight just that i ll be driving home at am now,negative,negative
on flight and i paid for wifi that can't load a website functionally except for your own live streaming unacceptable,negative,negative
den dfw we don't want to be ticketed on a new flight just refunded for our cancelled flighted flight,negative,negative
need help changing a flight please dm,neutral,neutral
a good start would be to warm the plane before the departure time so the flight isn't delayed due to frozen water lines,negative,negative
rude customer svc won't accommodate an earlier flight w o charge us mail takes priority over customers badservice,negative,negative
be flying soon to nyc on your airline of all airlines i've flown you're still to me,positive,positive
and is there a delay on our connection to pns,neutral,negative
more people stranded cause you suck better yet you weasel out of flight booking problems rooms for people claiming weather,negative,negative
can't help now as all seats have been taken there has to be a way to handle high volume of call days,negative,negative
trying to chg ticket for staff member leaving org before she can fly we're a nonprofit can't you make an exception,neutral,negative
way to go flying out of denver today must be the only airline not cancelled flighting delaying flights flyswa denverairport,positive,negative
your seats are god awful,negative,negative
why doesn't anyone make a better effort to retain customers it should be an easy fix i just want to travel aa,negative,negative
hi when will your next set of flights be out for next year from dublin,neutral,neutral
hi i have my name email and aadvantage but website won't let me reset password can we troubleshoot together thanks,neutral,neutral
aa this is a joke right that line isn't even accepting calls right now they just hang up,negative,negative
i would understand if weather was the issue but bc of airline maintenance i had to sleep on an airport floor and lose an entire day,negative,negative
they had to turn the seat cushions over and clean the area please explain this issue,negative,negative
need to learn operations sit a plane overnight at gsp and not realize there's a mech problem then delay flight hours,negative,negative
now the rd issue with the plane is a fuel leak they will let us know soon what they decide getmeoffthisplane ineedabeer,negative,neutral
yes it was the airport person who told me the bag was still in nashville when i filed the claim,negative,negative
you're the best,positive,positive
oh yes i hope you expand to other airports soon so i can fly you to see my family each year,positive,positive
therefore since i've received no recourse through phone i have submitted an email complaint a letter via mail will follow,negative,negative
i ended up on a flight to la my fourth time on standby thanks,positive,positive
she told us we had to drive back to drop it off so they could attempt to fix it really don't have time to do that terrible,negative,negative
is there a way to dm you,neutral,neutral
we would how do i contact you to discuss a few poor experiences with customer service but would give it a shot,negative,negative
thanks for the drink tickets hook up can't wait for my first international flight with you to nas pumped,positive,positive
i have a story for you it starts with a two hour delayed flight that makes me miss my connection in miami,negative,negative
we were told when we checked in as soon as we were allowed to that there are no other seats available on the plane except middle,negative,negative
this is enough for me to stop flying jetblue,negative,positive
thank you much appreciated,positive,positive
help my girlfriend amy lloyd is going to miss our flt to zurich bc of your fault she needs a golf cart to meet her at ord,negative,negative
little help to us my husband has been on hold for an hour for something that take minutes to complete,negative,negative
my friends from boston stuck in denver her name jane please contact her,negative,neutral
love how you hold flight in phx for late flight passengers and make us all over an hour late flight great job,negative,negative
you cancelled flight my flight i wait in line to get rebooked when i'm at the front you make me go to another gate and i lose my place,negative,negative
stay warm i will be passing through chicago next week,positive,neutral
charleston from your app guys as of a few minutes ago,neutral,negative
your customer relations dept has one way e mail how is not allowing responses helpful,negative,negative
toss this ticket it's great pr and i'm sure every college student following me will be willing to rock out wit too,positive,positive
is it even legal for you guys to advertise flights that you cant honor,negative,negative
it still says that i can't check into my flight because the information is incorrect but everything is entered correctly,negative,negative
we have been stuck in sju for several hours and no one is answering here really tough to luv sw no response is bad,negative,negative
have reported it still in istanbul at the moment apparently on the other plane haha hats off to the pilot,positive,negative
please call us back to rebook we need to get back to columbus please help,negative,negative
people kept saying it was due to weather but there were flights going directly to boston even after our flight,negative,negative
big problem fll to clt then got off on clt but my fly to gso is cancelled flightled had to rent a car to get to my pops funeral,negative,negative
this is not a local united number for malaysia what is your local united airlines here in kuala lumpur kul,neutral,negative
cancelled flightled my flight and i'm stranded in st louis not sure what to do no other flight until tomorrow am i to sleep in airpt,negative,negative
i am trying to add my tsa pre check number to my reservation online and don't see an option to do that nosecuritylines,negative,neutral
yeah haha never been in one it's expensive and we will so much fun destinationdragons,positive,positive
you expect us to spend our hard earn to fly and make exceptions when you have extra call volume however you never make acpt,negative,negative
now telling me i don't have the correct tag for my luggage my luggage apparently is not in la or charlotte this is not ok,negative,negative
been dealing with multiple offices for the last days youve completely lost me as a customer unless my bag is back to me,negative,negative
all are great but i have to go with carrieunderwood,neutral,positive
is the absolute worst airline women were inconvenienced due to maintenance issues stuck all over no care given,negative,negative
here i was thinking how i could say so many nice things after getting upgraded but then you delayed my flight it's ok,negative,negative
i am buying yo own seat on legs of intl trip car seat required if not then allowed can child still sit w mom after takeoff,neutral,negative
well captured brittany we love the clouds enjoy the ride thank you,positive,positive
your inflight team makes the experience amazing,positive,positive
how are the runways at dfw will you be flying late flightr today thanks,neutral,positive
now over hrs can't wait anymore hrs for nothing now what frustrated usairways,negative,negative
we rebooked but and i had to split up and take different flights because a pilot ran out of hours frustrating,negative,negative
a little surprised my early bird got me b from den to kc just now worst i've had what's up,negative,neutral
delayed another hour,negative,negative
the link doesn't work,negative,neutral
i did they have no idea where it is,negative,neutral
thanks for the upgrade please try to get my company to approve more business class travel,positive,positive
i need to cancelled flight one leg of a flight but can't seem to do this online been on hold on the phone for minutes any help,negative,negative
at fort launder dale and the gate agent can't switch flights to an earlier flight but we can on our phone ridiculous,negative,negative
my mother had overheard a personnel ask the attendant if the passengers really knew what was going on and the attendant said no,negative,negative
no i use to skyscanner and travel agency and i called u you said you should call travel agency but,negative,negative
thank you for the speedy response i figured it may be something of that nature you guys and your fine print haha,positive,positive
delays due to refueling are out of your control if that's true i never want to fly us airways again,negative,negative
been on hold for hrs can't get airport flight icy country backroads help pls can a human answer bna,negative,negative
need flight to ath from pdx do you coordinate with other airlines,neutral,neutral
offering special fares to,neutral,neutral
any chance of a travel advisory or dca this weekend,neutral,neutral
left behind ipad air on flight from bradley to bwi plane had already left by the time i realized can you possibly help,neutral,neutral
i waited hrs for my bags and my flight was only hrs,negative,negative
you need to check information regarding hotels shuttles re routing flights delayed flights,neutral,negative
we are going to the police dept due to the sexual assult that your stewardess allowed to occur and your lack of concern,negative,negative
nice another delay with second one this trip left engine leaking what's next usair nothappy,negative,negative
great job and great service in and out of sdf this weekend during the winter storm,positive,positive
no worries you're doing the best u can already cancelled flighted my biz trip still luv you rr,positive,positive
i don't think the us site allows that unlike can i use a us credit if i held on,neutral,neutral
yes they do,neutral,neutral
i am following you need to follow me for dm,neutral,neutral
okayyyy but i had huge irons on way out promise no shenanigans,neutral,neutral
yes however the seats they assign us that day are never together i just want to sit with my husband why is that impossible,negative,negative
how can i when system always hangs up on me,negative,negative
flight sitting at jfk with delays for hrs no employees to load bags terrible,negative,negative
how nice it would be if you had helpful flight attendants instead of the rude nasty ones you employ whyareyouyelling,negative,negative
ok cool i need to listen to some dre and snoop en route to la that would have been a shame,neutral,positive
connection at ord was on the exact same plane again checked carry on was apparently taken off left in chicago pretty ridiculous,negative,negative
sprinted from c concourse to e and just made it coughed up a lung in the process but am now in clt tnx,neutral,positive
any travel advisory coming for the carolinas bad weather,neutral,neutral
she doesn't have twitter,neutral,neutral
are we good,neutral,positive
thanks for the info have a good day,positive,positive
she is travelling from melbourne australia to bogota colombia tomorrow,neutral,neutral
asked her why needed to take yellow tag off she said because i told you to expect a personal apology from her unacceptable,negative,negative
any chance of making,neutral,neutral
ouch delays due to mechanical issues again qro will have to wait yall seem to be falling apart alwaysdelayed unitedfail,negative,negative
when will that happen it really confuses when the st content to come on the in screens is about how technology forward united is,negative,neutral
hi i flew with your airline once in australia and saw zero kangaroos had this been rectified,neutral,negative
worst airline you cancelled flight our flight and don't even let us know even though we are traveling with children,negative,negative
what's up w flt brothers fianc sitting on board for mins w tech issues,negative,negative
grouchy about this flight complimentarybeveragesneeded,negative,neutral
thank you you guys,positive,positive
thank you for allowing me to spend more money on vacation by buying things i already bought,negative,positive
cool,neutral,positive
i need help with a reservation purchased on but operated on can't get through on the,negative,neutral
worst airline beware they do not maintain there plain been on the runway the past hours,negative,negative
tell me you can get me to abi earlier than pm tomorrow,neutral,neutral
thanks for having ground crews that are surprised when flights arrive beingsuckontarmacsucks,negative,positive
help flight to dallas was cancelled flightled this morning from cle on hold for hours need to be booked on next flight out,negative,negative
just confirmed a seat crisis averted beers won't be missed now,positive,negative
when your routing system goes down which grounds all your long haul flights you should think about a failover plan,negative,negative
same,neutral,neutral
called executive platinum desk and got a two hour call back time hrs late flightr still no call and still stuck in chicago,negative,negative
what's going on i've been hearing a not friendly 'please wait' on repeat while i'm on hold being transferred to idk where,negative,negative
i think weeks of waiting is more than enough time for you to contact me this is why you lose customers,negative,negative
oh my god thank you so much i just sent you a dm,positive,positive
dream,neutral,neutral
huge kudos to the fo of sunday's flt sjo iad handed my daughter her first pair of wings keeping traditions alive,positive,positive
offered me a voucher to switch flights now voucher offer doesn t exist the gate agent switched me to a delayed flight,negative,negative
i flew from nyc to sfo last week and couldn't fully sit in my seat due to two large gentleman on either side of me help,negative,negative
no worries your customer service gets a bad wrap but just spoke w agent who saved me huge amounts of time apologized for yesterday,positive,negative
but it's not their fault because their policy says they at least got us to our destination really,neutral,negative
we are on flight and were returning to the gate can you provide any information,neutral,neutral
aw okay thanks,positive,positive
listening to all the flights taking off over my house and kicking myself for flight booking problems an am flight tomorrow iceday,negative,negative
big ups to newark airport staff d dean i was also treated lovely while i was in town,positive,positive
terribly disappointed confirmed reservation delayed and your cust service staff was not helpful in finding an alternate solution,negative,negative
cough awkward,negative,neutral
service by staff was great as usual cleanliness and smells a bit much i'll be back satisfied traveler,positive,positive
thanks for the upgrade today great way to start my week cc,positive,positive
i know where to check my complaint is my ticket said dinner when i booked now it's changed to refreshments where's my refund,negative,negative
its funny how none of ur tweets back are helpful what i want is to read 'ya we'll change that so our customers get better service',negative,negative
we're flight ffl to lga scheduled departure p,neutral,neutral
please be good to me this weekend,neutral,neutral
how can a plane that has been sitting in a hanger all day have numerous mechanical problems doesn't anyone actually do maintenance,negative,negative
sitting for minutes on the runway at dca because your gates are full early landing late flight flight,negative,negative
stuck on tarmac for the last hour can i have a beer,negative,negative
i gave up,negative,negative
i requested an online refund option they denied saying the ticket was used hope they understand the problem from your approach,negative,negative
thank you i'll do that next time,positive,positive
needs to get their shit together counter people a massive line people need to catch their flights,negative,negative
dm sent this lack if customer service is getting ridiculous,negative,negative
wtf delay after delay hours yvr to san unacceptable flight crew availability is to blame never again with,negative,negative
yeah am flight tomorrow going to add min extra because of the roads snow,neutral,negative
each flight is worse than last flight attendants don't even know whether the plane is equipped with power outlets at the seats,negative,negative
another generic response guys cmon you're terrible how about an actual helpful person not all the rude employees at lax,negative,negative
i'm on the lol has anyone arrived yet,neutral,negative
how long did you have to hold we waited minutes and gave up,negative,negative
i locked myself out of my account and needed access to book a flight,negative,neutral
hello i am flying first class and am behind people on zone pls pass on to app dept you should board st class first,negative,neutral
any idea what caused the delay on flight fll jax,negative,neutral
i left my apt hrs ago to go from boston to sjc and i'm still nyc please bring back the nonstop flight jetblueblues,negative,neutral
in ord waited min after crew members left before gate items came flight attendant sarcastically said good luck and walked away,negative,positive
flt out of mht have fun with my kids and grandkids of them jack says hi,neutral,neutral
hey southwest can i see in atlanta my friend has never been there loves them and he is from taiwan,neutral,negative
plus you horrible seating and poor customer service everywhere i've flown now you take away the mileage program horrible,negative,negative
following thank you,positive,positive
i'm on flight from dia to ontario tomorrow morning no access to the airport via taxi or shuttle what should i do,neutral,neutral
i have never on all my trips on any airline ever nat'l or int'l ever experienced anything like this,negative,negative
crew has been notified passenger moved but water not fixed now on tarmac two hours,negative,negative
boooo don't be like the other airlines,negative,neutral
trips in a row with missing luggage just like last time i pay for baggage to be transported,negative,negative
the flt to ord is correct per my dm it is the flight from ord to cvg i was charged for incorrectly,negative,neutral
i only take jetblue to travel and i have to go to maimi next year but you guys dont go to maimi why dont you guys go to maimi,negative,negative
how aggravating zone boarded overhead empty but forcing bag check better not loose bag again flt,negative,negative
how do you manage to place a family of into a plain with none of them sitting next to each other one of them being a yr old,negative,negative
i'm very frustrated and have wasted days now due to your equipment failures,negative,negative
it says to call before connecting get song dance about weather weather bad days called for days before wasteoftime,negative,negative
on hold for min no estimated answer time any help here,negative,negative
i need to be back in cleveland as early as possible tomorrow,neutral,neutral
is the best case and point happybirthday,positive,positive
your social listening capabilities are awful if this is the reply for the context in which you were mentioned,negative,negative
how do i get my account number if your website says email is unavailable,negative,negative
that totally sucks my cousin worked at phl said,negative,positive
why let passengers on board when there was an issue over an hour the pilot doesn't know when we'll leave,negative,negative
cancelled flightled flights and asshole phone support worstairline,negative,negative
if a passngr requires wheelchair to gt on plane then sits in an exit row wld they b physically capable to help in emergency,neutral,negative
uh i booked it through the ua website why the price change,negative,negative
great flight got us back on time thanks,positive,positive
follow me back so i can dm you guys,neutral,neutral
thanks for the heads up about the hour delay sarcasm patienceiswearingthin woof,negative,positive
jh thanks so much for reaching out i was able to get assistance after waiting for minutes,negative,positive
yeah sorry but there's always a problem with united and you have an international reputation for having problems,negative,negative
ice cream up front solid,positive,neutral
i forgot to put my tsa pre number in before i checked in it is now in my profile but will it be on my boarding pass in the am,neutral,neutral
how we looking we going to be able to get out on time flight,neutral,neutral
been waiting for minutes on hold because yall cancelled flightled my return flight answer the phone,negative,negative
delayed need an extra min to make would appreciate a little help again this week,negative,negative
hrs of wait time is unbelieavle unaccpetable biggest airline in the world should have failback call centers,negative,negative
thank u i wiil write after call travel agency,neutral,neutral
no the entire problem here is that i was never sent anything via email and only given a flight booking problems number over the phone,negative,negative
my lost bag lands in hartford at p tonight will it be delivered to danbury ct tonight,negative,negative
now flying non stop cmh oak has me daydreaming about a trip to the bay especially in this weather ohioprobz,positive,neutral
no vouchers cancelled flighted flight due weather today's issue broken tire no vouchers cause tire was broken by weather nomoaa,negative,negative
uh yeah flight boarded now hr late flightr we still sit update on to dca,negative,negative
best planes in the business not aa today,negative,neutral
looks like we are about to get going finally,negative,negative
your a liar no precipitation all day degrees don't pacify you look like a fool thats the problem admit you suck,negative,negative
redeem points packages magically gone by time we finally got through felt like baitandswitch,negative,neutral
just bought tix for atx dallas route thanks for adding that love yr airline yr website is best transactional site ever,positive,positive
it was not still don't know where skis are and cannot get a call back from bag svc at airport left several msgs,negative,negative
unfortunately i don't even have that my phone died before o had a chance to grab it it was from oma to san from,neutral,negative
maybe you should drive usairwaysfail,neutral,negative
what's a girl gotta do to get a flight name change when she bought one for a mean ex boyfriend and needs a girl's trip stat,neutral,neutral
thank you for listening to my compliant and doing the right thing i appreciate you working with me,positive,positive
our flight is delayed till tomorrow curse the weather,negative,negative
's first class cockup,negative,neutral
fantastic night of waiting hours for a delayed airplane only for you to alert us flight is cancelled flighted when it lands whatstatus,negative,negative
assume those benefits only apply to my own reservation any way my partner on diff res can use them can we combine res,neutral,neutral
has the worst flight change policy no mercy no sympathy such a bummer when you can't go to funerals or see friends bc of it,negative,negative
will my known traveler no transfer over from when i check in at t as an aa elite i can get choice seats,neutral,neutral
will the airline refuse my canadian passport with less than months remaining validity going to us,neutral,negative
does anyone actually work at the dividend miles department,negative,neutral
but i take meds that make me severely dehydrated sigh,negative,neutral
very good flight thank you,positive,positive
i see you coming to get me and in hawaii thman,neutral,neutral
but you are late flight again again and again where are the crew,negative,negative
tomorrows flight cancelled flighted i understand three hour wait for a call back and now minutes on hold not cool,negative,negative
in ethiopia adopting a child need flight home from add to grr late flight or very early need to change existing reservation,neutral,neutral
fingers crossed its all intact very disappointed with this experience as before this we were actually saying we enjoyed using you,negative,negative
no one met flight to lax to tell passengers where to go or what flights they were rebooked on badmgmt americanairlines,negative,negative
its been five days i'm just asking you to clarify your policy on car seats i don't want to have to take this higher up,negative,negative
jal and cathay pacific so no i can't do it online,negative,neutral
great thank you i'll send it now,neutral,positive
that link is broken but if it's the online baggage locator i already tried it and it gave me no useful information,negative,negative
phone just disconnects if you stay on the line need to checkout of hotel in hrs have no place to go can't keep calling,negative,negative
are all of your flights out of charleston tomorrow on time or is there a possibility for delays cancelled flightlations,neutral,neutral
well for a start it would be nice if your ticket was actually in the system when you change a flight,negative,negative
i was on hold for hours and still no answer is this really how you run your business,negative,negative
spoken to reps once i'm allowed to check my bag and through the tsa checkpoint i guarantee i will be talking to someone,negative,negative
stop picking on us cle,negative,positive
he cancelled flightled a flight was given weeks to apply travel bank credit to another flight credit was transferable,negative,negative
ah ha i misread the end date as being not thanks for clarifying,positive,positive
why do you hate your passengers,negative,negative
i understand wonderful miriam in customer service who was able to reroute me got any rental car discounts,neutral,positive
as your flight attendants are an extension of your brand bitchy flight attendants on am flights are not appreciated,negative,negative
fattuesday great job celebrating mardigras today at atlanta airport another reason i'm nuts for you,positive,positive
every flight flown by me personally about two round trips per month is full still hard to believe fly hours thru atl no,negative,negative
that's ok just know that i'll most likely never book with you again,negative,positive
got this message on your site to call about my flight just gave up after being on hold for hours,negative,negative
just got demoted from gold cuz my hubby got of the pqd tho there were enuf spent for golds spousal discrimination angry,negative,positive
hours no agent should i keep waiting,negative,negative
now on th plane of the day first all taken out of svc scheduled dep p m still on ground ord pm,negative,neutral
to begin dallas austin flights in april ketr,neutral,neutral
i appreciate the hard work still i gave up after hour,negative,positive
i am not digging the new mileage earning plan i would earn about of the miles i do now any changes to the award ticket prices,negative,neutral
are you fucking kidding me,negative,negative
i am just trying to establish what your policy is thanks,neutral,neutral
lauren omg best airline ever,positive,positive
airways hits new week high at jblu sleekmoney,neutral,neutral
i would like to know if its possiable to checkin online or must it be done at schiphol,neutral,neutral
's free wifi on board is the best thing that's happened since sliced bread,positive,positive
love how you don't give a shit about people who tried to be loyal but you screw them every way till sunday glad i've stayed away,negative,negative
big thanks to ricardo olavarria at reagan airport fixed our ticket and made sure we made it for our friend's wedding greatservice,positive,positive
completely understand act of god weather relate flightd cancelled flightlation but days without reimbursement of any kind is unacceptable,negative,negative
i want my money back now we're sitting on the runway after a hour delay waiting for the baggage to begin loading,negative,negative
oh no worries nl no disappointments here better to have no lounges than like delta who has them but does disappoint,positive,negative
why would a person take hours and hours of wait time just to tell a lie,negative,negative
it has been almost hours and i have heard nothing yet from your reservations team what am i supposed to do,negative,negative
seriously buy some wd for a operating flight from geg to phoenix every seat squeaks w every shift still on ground,negative,negative
also during the run i was instructed to do i shattered my computer,negative,negative
on hold for hours you know what just keep my money,negative,negative
take me here,neutral,neutral
my ticket was booked with aa with miles sorry we sold you a ticket with a company we merged with but we can't fix it,negative,negative
i want a plane dad,neutral,neutral
announced new route to austin w fares from way,neutral,neutral
when will i hear guitar was damaged in december i use my guitar to earn a living get your act together,negative,neutral
screwed me up big st flight hr late flight made it to nd flight csm daryl wouldn't let me on the plane because we were,negative,negative
you could train your flight attendants to have some manners and decency,negative,negative
understand the weather these kids need to get home nice kids doing volunteer work from a ri high school please help,neutral,neutral
stop using this word if you're a company our fleet's on fleek,negative,neutral
delay is understandable but look at the time of the the flight and boarding time weird,negative,negative
is truly the drunk uncle of boarding don't believe gate agent that overhead is full don't reserve aisle,negative,negative
still sitting here feels badly handled,negative,negative
any ems window seats on tomorrow,neutral,neutral
heyo what is causing flight ewr to hou to be delayed,negative,negative
stuck here in iah waiting on flight to honolulu for hours due to maintenance issues could we have gotten a new plane fail,negative,negative
sure knows how to pamper customers they strand abroad badcustomerservice fend yourself youareonyourown,negative,negative
thanks for taking it up a notch leinenkugels craftbeer goodflight norfolk,positive,positive
you make spirit look like the gem of air travel you haven't handle this winter storm very well,negative,positive
just had to buy a safety ticket online you'll refund whichever ticket s are unused in full without penalty,neutral,negative
beautiful view flying into san jose ca this evening,positive,neutral
a rapid trip plane ticket from idaho to california that doesn't have problems would be wonderful,negative,negative
i need help about a ticket dm me,neutral,neutral
any chance the flight i just took can count for i mean i signed up with sw wifi in the air,neutral,neutral
would someone please dm me the customer relations number the website has only customer service,negative,negative
hours on the phone yesterday really still doesn't pick up status on us air flight,negative,negative
easy and pleasant difficult and stressful learned my lesson,negative,positive
thank you took care of everything and made it right that's the experience i'm used to opened the app to find flight changed,positive,positive
thank you so much youre amazing im going to cry omg,positive,positive
has once again let me down don't think i've ever flown with them and not had problems worst airline period,negative,negative
like weeks after my flight creative,neutral,positive
really american airlines service is las vegas is shocking absolute jokers take your reputation more seriously,negative,negative
adds pillows instead of lie flat seats in first class arms race,neutral,neutral
what took me aback was the response by the flight attendant who put the responsibility squarely back on passenger's shoulders,negative,negative
no you call me,negative,negative
been a member since looking to travel next week couldn't book right away due to all the snow i'm in bos,negative,neutral
well lets see you could pay for my negroni with bitcoin,negative,neutral
nothing to do with mother nature more like poor commutation,negative,negative
thank you for not even coming with a solution great service i might say as a trueblue member i am totally dissatisfied thanks,negative,positive
why would you board ppl on a plane b its their turn to de ice why would you have ppl then wait through the hour long process,negative,negative
thank you for quick responses aa usually has fantastic customer service that's why i was so shocked when it wasn't there,positive,positive
way to ruin a vacation my brother has called all night and had multiple places in line only to get dead air on call back,negative,negative
any word when the customer relations department will open back up,neutral,negative
you are the worst i will avoid you like the plague,negative,negative
done also looks like you opened some up on my flight to vegas on sunday,positive,neutral
much respect,positive,positive
follow me back please and i'll happily dm you the link because i'd rather not share my travel plans publicly,neutral,neutral
was there few weeks ago awesome bright vibrant and no habitrails,positive,positive
wonder if that's the pilot tweeting you back is it legal to tweet and fly what if the plane in front stops suddenly,negative,neutral
that's good i'd expect that but i can't get through on the phone to make any changes can i change it online,negative,negative
approaching three hours sitting in the plane on the ground at dfw on americanairlines flight oscar performance,negative,negative
sent thanks vp,positive,positive
would also like say kind move on adding the points,positive,neutral
nd plane forced to get off due to mech and wait for rd need housing and meals in stt need help b we arrive at stt please,negative,negative
any way that i can get a receipt for a cancelled flightled portion of a roundtrip flight used the flight voucher just need receipt,neutral,neutral
how long can i expect the formal response to take,neutral,neutral
thanks for getting me back to nashville big thanks to the pilots on the out of baltimore flying in snow landing on ice,positive,positive
please explain to me why every other flight to dallas is going out today except the pm,negative,negative
i think this is the best first class i have ever gotten denver to lax and it's wonderful,positive,positive
can you connect me to a person without having to wait hours on hold i still haven't been able to resolve the problem,negative,negative
waiting for my luggage on flight is there a delay,negative,negative
love you guys you know that but i paid for prem wifi toplay no go ping terrible up too,negative,negative
if you are giving tix to destinationdragons show would appreciate one or two for la flying from phl to lax on friday,neutral,neutral
thank you truly appreciate the help just sent a dm,positive,positive
i hope you lose the next govt contract,negative,neutral
hope for no weather delays no help to reroute and your on your own for lodging non stop is the way to go,negative,negative
pretty terrible customer service sat on hold min then a busy signal then disconnected do all airlines have to suck,negative,negative
is to airlines as is to cable internet,negative,neutral
upgraded to st class inquired about red wine sauvignon blanc i can't pronounce the other one couldn't describe,neutral,neutral
looking forward to some friends and family time in arizona,neutral,positive
thanks for the quick reply just wanted to make sure it wasn't just my account,positive,positive
any info for cancelled flightled flight tomorrow morning out of dfw can't get calls through to speak with anyone,negative,negative
i need a customer service manager to contact me please,neutral,negative
can you let us out of the gate now ua,negative,neutral
i heart my cp status sure would be nice to have though,positive,positive
thinks that a voucher makes up for spending hrs on a plane and landing at the same airport we took off from really,negative,negative
thank you alicia exceptionalservice,positive,positive
i love my companion pass qualified th year hollymais,positive,positive
why thank you yayayay,positive,positive
i've been on hold for an hour now as i type this ridiculous all i need is the link to the chart that has routes time,negative,negative
thanks for a cancelled flightled flight then a delayed flight and not telling us more missed work more on hotel worstcustomerservice,negative,negative
pre dawn flight to miami from ewr annual sobewff trip now,neutral,neutral
this delayed bag was for my friend lisa pafe she got her bag after days in costa rica issue no updates on your system,negative,negative
our fleet's on fleek huh,neutral,neutral
why does your rtw planner spec circle pacific not let me even plan the demo routes from your website,negative,negative
do you know where my plane is coming from i'm on sw flight from rsw to mke,neutral,neutral
worst airline ever staff is nasty wifi down bags are delayed due to weather and now the belt is broken selling ual stock in am,negative,negative
now they're not even accepting calls at all come on,negative,negative
a guy try right,neutral,neutral
i am but your customer service is brutal,negative,negative
thanks for not getting my businessfirst priority tagged bag onto my connecting flight at ewr despite a hour layover nice job,positive,positive
very frustrated saw seats avail online for pref alt flight unable to book online lost those seats during hr phone hold,negative,negative
by the time the hrs passed before i got a call back the ticket was more it wasn't my fault yet i had to pay extra,negative,negative
frontier is currently offering their weather exceptions for this weekend when is united,neutral,neutral
worst company ever please do not fly with them i repeat please do not fly they will not credit you if you're delayed,negative,negative
thanks again for your concern i will contact customer care upon our return from australia,neutral,positive
thx for taking my for a way then cancelled flightling st flt delay nd flt and u top it off by losing my one piece of luggage usuck,negative,negative
what can aa do for a load of people about to board their th plane of a very long day when the first were unserviceable,negative,negative
finally called me back but hasn't spoken to me like the worst prank call ever,negative,negative
but you guys should know that musicians are very sensitive about the safety of their instruments when flying for good reason,negative,positive
jetbluebos what's up with luggage for flt dca bos pax waiting for min for bags no show carousel signs not updating,negative,negative
no worries after everyone boarded the cushions were brought in took a while but they made it here,positive,negative
nice work on the update,positive,positive
thanks he is,positive,positive
i have now called times in the last three days that's unacceptable i'm willing to wait on hold but that's not an option,negative,negative
i'm trying to add my flights to my badges account but i don't see an option help plz,negative,negative
i just think if i am staying w your airline rescheduling a flight i shouldn't absorb a fee that is the cost of my flight,negative,negative
this is the biggest joke of customerservice i've ever seen from a brand,negative,negative
lmfao i love it,positive,positive
you do realize my wife is waiting on a delayed flight at this very moment i'm not sure i understand your tweet,negative,negative
ruined my sunday hours of delays out of dia now my bags are at the wrong airport to deliver them insult to injury,negative,negative
know that i could use that for a flight into canada by they time they figured it out it was too late flight to check our bags,neutral,negative
hooray i've now been on hold for over an hour i've never loved southwest more,negative,negative
u texted that my flight from denver to sd tmrw is cancelled flightled been on hold for an hour trying to get help any other flights,negative,negative
nice to know that hours of my time is worth free directtv for everyone ever hear of preventative maintenance,negative,negative
am i flying on spirit air,negative,neutral
is delayed due to tail winds and need to jump on to sea leaving the same time this arrives is there a chance to hold,negative,negative
thanks but don't understand why they couldn't have used the tug at the next gate over ground crew took a break unacceptable,negative,negative
has dc thinking about summer with new nantucket service,neutral,neutral
step be less shot step acknowledge customers other places than twitter step don't suck so much,negative,negative
how about yul ord,neutral,neutral
we did not get a single answer from any southwest personnel after an hour's wait no apologies no explanation,negative,negative
how about destinationdragon tix for tonite for the inconvenience since i am not there to play scavenger hunt,negative,negative
my husband is responding to him and he insist to remove him from the seat btw signs are in both english and spanish,negative,negative
my brother his family stranded in clt tonight bc gate e agent wouldn't hold plane for two minutes now driving in bad weather,negative,negative
how to i rebook on line when it keeps telling me that it's a reserv number for a past date this morning holding for hrs,negative,negative
the worst first class boarding service i ever had,negative,negative
traveling from fra thru iad to mco tomorrow concerned abt iad weather can't change until advisory issued any advice,neutral,neutral
you suck in philadelphia let us off this plane phl,negative,negative
the disappointment was not the bag but that it arrived before me and i was kept hrs without options in iah,negative,negative
can you dm,neutral,neutral
do you guys have wifi on international flights,neutral,neutral
here we go again nd round trip to ca in a week trueblue,neutral,neutral
a plane took our gate and now we're just waiting in a lot at dia,negative,negative
flew from sdf to atl to tampa on delta left early arrived early crew helpful wifi worked,positive,positive
i'm not sure if i'm rebooked now in a line at airport trying to work it out the earlier i can get to sfo the better,negative,negative
no i am trying to get on a plane from phx to rno and the gate is saying the flight was downgraded,negative,negative
maybe stop telling people the wrong info on your customer service calls,negative,negative
is anyone answering phones to rebook cancelled flightled flights,negative,negative
see we were told repeatedly that the pilot was late flight and kept getting late flightr after we boarded there was a defibrillator issue,negative,negative
better do the right thing and take care of or els you're losing business,negative,negative
been with us airways since back and forth gatwick charlotte then lhr bit sad nostalgic way,neutral,negative
that website does not give correct info said my bag was in miami was in key west the entire time i got the run around for days,negative,negative
i ve been on the line waiting for minutes again,negative,negative
flight bags haven't come and we landed minutes ago,negative,negative
eyyyy cancelled flightlations flight booking problemss reflight booking problemss but y'all got me on the same flight out tonight not tomorrow the fc upgrade thx,positive,positive
thanks for the info is there a number i can call to speak to a person it's going to take an hour to type it out,positive,neutral
resolved over hour of work on ground somehow the system reset itself during takeoff i appreciate the quick response service,positive,positive
sitting in a plane with no pilot thanks waitingonapilot denver siouxfalls whyairtravelsucks,negative,negative
hello southwestair i'm happy to be flying with you this morning dal mdw looking forward to a comfortable fight,positive,positive
they did not have any asked if i wanted tea how do you have tea not coffee i'm a gold on united coffee i nvr think x about,negative,neutral
cannot provide us alternative flight until hours late flightr ruining our trip cancelled flightled angry problems ruined,negative,negative
thank you for contacting american the email address you have written to is an unmonitored account,neutral,neutral
yes with about minutes to spare fyi your employees are amazing keep up the good work,positive,positive
doesn't charge ticket change fees do they not incur the same mysterious costs that you incur,negative,negative
thx i managed to figure it out by trying diff confirmation s as i booked just annoying it's not readily available,negative,negative
another great flight funflightattendants thanks for showing my dad wonderful customer service flt lax phx sundayfunday,positive,positive
inflight entertainment tonight a willie nelson impersonator sang for the passengers peanutsandtoons,neutral,neutral
please start charging for carryon luggage carryonbagssloweverybodydown,negative,negative
today after yrs no longer my preferred airline,negative,negative
i find this text funny considering we are still sitting here because seats need to be changed out,negative,negative
round trip tickets just arrived for our auction at the post masters invitational thanks southwest,positive,neutral
it's flt to elm still no gate and still have to make it thru customs,negative,negative
no we departed hours late flightr with a crazy crew one of the lady simply freaked out and got away from job before departure,negative,negative
is that all that matters not the fact that we're at a different destination we were put through a tremendous amount of stress,negative,negative
is a snowboard boot bag included in the standard checked baggage next to the snowboard bag,neutral,negative
what is dm,neutral,neutral
i hope i can take my selfie stick on the plane today goingtovegas,neutral,neutral
we've been here since am and you've cancelled flightled our flight twice,negative,negative
we are sitting on the runway for hours it is ridiculous,negative,negative
really nigga ur a fuck boy,negative,negative
pls help on hold long time now travelling business and flight orf from mci was cancelled flightled need to get out there asap,negative,negative
offers atlanta unprecedented perk,positive,neutral
thx for the apology a commitment to fix your broken system would be better actually fixing it would be better still,negative,negative
im just saying change can be amazing like miami,neutral,positive
if i have dividend miles credit card i used it to book my flight is one bag free,neutral,neutral
you've inspired me to start my own airline to combat your weak ass airline sick of this shit,negative,negative
onlyinamerica days and not a word from unitedairlines customerservices bad pr guys,negative,negative
i booked a flight on my phone and then never got a confirmation email how would i go about getting that,negative,neutral
out of delayed flights you suck and getting worse,negative,negative
coach interior on ua looked like it was salvaged from the s tiny unusable video no power lifevests on the floor ua,negative,neutral
almost at the gate for to sf please wait more seconds,negative,negative
won't let me send a dm because they don't follow me lovedflyingwiththem notanymore wrong badpolicy,negative,negative
yes it landed at am should not take another hours to go min drive was assured i would have this am,negative,negative
they booked me for tomorrow it's higher my st reservation is pgfryz get me on standby list tonight would help,negative,neutral
i m still waiting this has been going on far too long is there someone i can speak to,negative,negative
your agents at iad have compounded this problem by not making any announcements jetbluemess,negative,negative
fail when the inbound flight arrives after the scheduled outbound departure and still on time,negative,negative
not really the experience i was hoping i ws forced check in a small carry on w nothing but empty cabin space on board,negative,negative
posts second consecutive full year net profit,neutral,neutral
i'm dumping this dividend miles card and forgetting your airline exists ridiculous theworstairlineever,negative,negative
fortunately the window seat was a no show able to scoot over and create space,negative,negative
that i missed my flight i had to book this flight extremely last minute due to a family death there's no excuse for attitude in,negative,negative
is there any way that you could hold flight in clt my husband is stuck in the security check line flight scheduled for pm,neutral,negative
w edits dear your mbas need better benefits they should work for us how can we meet them,neutral,negative
left item n the seatback on ua is there any way to call dca to ask if they have the item already submitted lost found report,neutral,neutral
thanks but when i asked for a change with no cost for you the only desition was nade by computer now is late flight,negative,negative
did i mention that i was on the plane so is my luggage my luggage that i'm not going to have for how many days,negative,negative
is screwing with my flights again at cae why do you bother having flights here if they never leave on time or get cancelled flighted,negative,negative
why can we no longer change trips with a companion online been doing it for years now get message can't be done online,negative,negative
you delayed a connection for customer service today now i'll be able to pay my final respects to a dear family member thank you,positive,negative
been on hold so long to rebook my cancelled flightled flight i had enough time to rebook with instead lots of room there,negative,negative
i just want to be heard and to discuss the many issues on my trip,negative,negative
aa flight out of jamaica was cancelled flightled yesterday due to weather while other flights were still landing at dfw,negative,negative
why would it take that long my credit card company says the card hasn't been charged yet should it take days for this,negative,negative
can't leave the tarmac united's gate agent cannot agree on a head count min now counting a people max epicfailunited,negative,negative
ua heading back to gate bc improper load if ur packing us to the gills should at least take care to load bags expecting comp,negative,negative
go bankrupt again and transfer all of your assets to luv that would be great,negative,positive
will do cheers,neutral,neutral
also can you explain why when i checked in on the us airways site picked standby for st i was not put on the list,neutral,negative
